5,-15448,2048,-2944,1695,-1892,-912
8,-15564,1648,-2900,1839,-1837,-966
11,-15624,1436,-3116,2024,-1783,-969
19,-15736,1528,-3684,2342,-1732,-1053
29,-15376,2044,-3292,3011,-1622,-1268
39,-15200,1752,-2768,3559,-1278,-1451
50,-15116,1376,-3120,4062,-982,-1520
59,-15000,1120,-3256,4732,-727,-1568
69,-15076,376,-3068,5632,-513,-1590
78,-15320,-264,-3060,6738,-285,-1447
89,-15464,-548,-3068,8100,-159,-1256
99,-15400,-628,-3028,9292,-20,-1024
108,-15156,-80,-3408,10135,47,-730
117,-15084,712,-3536,10389,144,-498
128,-15036,1436,-3564,9870,244,-330
137,-15096,1988,-3336,8965,302,-278
146,-15344,2768,-3300,7449,318,-363
156,-15788,4608,-3168,4831,251,-478
165,-15808,6164,-2960,1247,399,-967
176,-15244,5044,-2856,-2258,871,-1610
185,-15312,1888,-2220,-3949,1028,-1841
196,-15320,-340,-2924,-4743,1104,-1970
206,-15672,-1580,-3136,-4415,1163,-1785
217,-15632,-2260,-2880,-3151,1195,-1445
228,-15560,-2440,-3464,-1619,1226,-1088
238,-15720,-1716,-4336,-218,1168,-705
248,-15636,-1144,-4916,692,962,-421
258,-15376,-808,-5160,1258,824,-234
268,-15272,-548,-5340,1618,697,-178
277,-15304,4,-5048,1770,580,-41
285,-15252,484,-4596,1580,509,35
294,-15372,784,-4072,1207,480,12
304,-15540,848,-3736,690,483,-10
312,-15492,1012,-3572,244,510,-131
321,-15444,1040,-3824,-106,542,-257
331,-15612,856,-3924,-418,563,-322
340,-15608,740,-3900,-568,613,-427
350,-15604,728,-4080,-466,583,-499
359,-15652,492,-4084,-171,572,-523
368,-15896,436,-4404,77,572,-496
377,-15920,372,-4372,266,521,-471
387,-15676,-36,-4472,463,479,-400
396,-15604,-308,-4288,636,422,-383
405,-15460,-592,-4032,968,316,-308
414,-15524,-236,-4004,1252,245,-208
423,-15680,312,-4296,1314,178,-168
434,-15724,1020,-4316,1187,202,-230
443,-15616,1432,-4448,836,183,-345
452,-15676,1412,-4512,388,185,-488
461,-15584,1104,-4468,18,117,-659
471,-15616,1008,-4648,-144,56,-729
480,-15504,908,-4684,-255,13,-835
489,-15564,692,-4884,-300,-99,-900
498,-15756,560,-4900,-264,-196,-942
508,-15740,616,-4784,-145,-295,-987
518,-15656,436,-4500,73,-386,-1032
527,-15652,484,-4292,204,-481,-1095
537,-15520,588,-4336,265,-522,-1159
546,-15580,768,-4244,217,-496,-1306
556,-15464,1092,-4260,222,-546,-1462
566,-15512,1344,-4264,322,-594,-1730
576,-15592,1628,-4792,49,-638,-1918
585,-15604,1572,-4852,-211,-724,-2138
595,-15756,1132,-4904,-211,-853,-2399
606,-15632,896,-4880,-47,-1011,-2637
616,-15608,1092,-4836,255,-1117,-2866
626,-15768,1364,-4548,423,-1209,-3137
635,-15960,1296,-4252,521,-1268,-3437
646,-16068,1624,-4340,564,-1280,-3710
656,-16444,1484,-4292,573,-1245,-3996
666,-16592,1004,-3748,631,-1183,-4269
676,-16464,636,-3956,539,-1184,-4496
687,-16112,596,-3868,314,-1171,-4718
696,-16072,160,-3500,428,-1176,-4874
706,-16224,-8,-3736,380,-1183,-4975
715,-16244,-164,-3500,536,-1108,-5057
726,-16628,-512,-3712,641,-1046,-5016
736,-17048,-312,-4592,69,-1195,-5053
746,-17316,-80,-4488,-514,-1465,-5116
756,-17080,400,-4416,-1080,-1852,-5362
766,-16564,240,-3388,-537,-2204,-5772
777,-16588,-304,-3568,-703,-2167,-5946
787,-16668,-984,-3976,-573,-2189,-5737
797,-16368,-1472,-4272,-191,-2122,-5383
808,-15408,-2036,-4116,377,-1774,-4905
819,-14644,-2688,-4236,969,-1280,-4294
829,-14116,-3220,-3888,1873,-918,-3375
839,-13968,-3072,-3760,3001,-784,-2110
849,-13836,-2740,-3144,4020,-793,-687
860,-14016,-2148,-2628,5087,-738,725
870,-13816,-1032,-2276,5625,-686,2199
880,-13568,484,-1952,5538,-504,3584
889,-13520,1692,-1932,4695,-58,4745
899,-13652,2404,-2560,3162,635,5764
909,-14360,2752,-2904,1516,1095,6503
918,-15092,2948,-2848,108,1340,7033
928,-15416,2748,-2620,-837,1492,7435
937,-15440,2164,-2308,-1605,1665,7907
948,-15572,1456,-2316,-2265,1691,8474
958,-15808,1196,-2408,-2624,1652,8982
968,-16148,1192,-2628,-2747,1518,9489
978,-16684,1688,-3032,-2855,1357,9777
989,-16540,2104,-2700,-2861,1273,9899
999,-16376,1932,-2848,-2887,1284,9915
1009,-16400,1836,-2928,-2931,1270,9939
1019,-16484,1692,-3064,-2792,1196,9922
1030,-16368,1580,-3076,-2445,1149,9935
1040,-16408,1920,-3088,-2145,1159,9928
1050,-16244,2056,-3316,-1857,1140,9969
1061,-16148,2364,-3528,-1936,1096,9875
1072,-15784,2444,-3244,-1902,987,9499
1082,-15572,2064,-3008,-1746,892,8992
1092,-15508,1784,-2856,-1752,928,8583
1101,-15624,1776,-3436,-1806,942,8293
1112,-15660,2392,-3772,-1847,837,8071
1122,-15552,2848,-3536,-1901,798,7746
1132,-15556,2936,-3600,-2083,780,7372
1142,-15368,2892,-3336,-2166,769,6953
1153,-15340,2396,-3404,-1999,744,6481
1163,-15188,2284,-3588,-1895,744,6152
1173,-14980,2200,-3596,-1672,758,5828
1183,-14988,1736,-3464,-1334,803,5383
1193,-14764,1696,-3528,-996,766,5010
1203,-14756,1980,-3552,-713,673,4601
1213,-14692,2396,-3608,-502,614,4075
1222,-14568,2388,-3264,-503,585,3608
1232,-14448,2412,-3320,-530,621,3163
1243,-14420,2088,-3004,-461,602,2690
1252,-14296,2112,-3164,-449,581,2280
1262,-14452,2184,-3032,-453,564,1805
1272,-14244,2100,-2908,-498,570,1291
1282,-14280,2116,-2856,-604,554,770
1292,-14368,2236,-2988,-818,519,183
1301,-14492,2084,-2892,-1066,490,-464
1311,-14436,1980,-3040,-1298,488,-1163
1321,-14508,1976,-3288,-1695,511,-1878
1332,-14972,2500,-4184,-2072,774,-2449
1343,-14340,2200,-3880,-2865,748,-3552
1353,-14472,276,-4192,-2956,1015,-4737
1363,-14840,-772,-4476,-2877,1277,-5576
1374,-14868,-2072,-5712,-2413,1510,-6426
1385,-15680,-1616,-6148,-597,993,-6080
1395,-15652,2944,-5276,1161,509,-4823
1405,-15456,6368,-4140,2086,529,-3673
1416,-15836,7952,-3044,1684,829,-3092
1426,-16724,6764,-2496,1068,1235,-3420
1436,-17604,4800,-2200,911,1411,-4118
1446,-17660,3664,-1840,704,1554,-4659
1457,-16560,3240,-2576,-80,1844,-4848
1467,-15284,3036,-3164,-1048,2033,-5320
1477,-15548,1712,-3040,-2221,2623,-6139
1487,-17228,136,-3972,-2896,3195,-7033
1499,-17940,-1592,-4484,-2211,3376,-7685
1509,-17080,-2048,-5112,-620,3063,-7575
1520,-15872,-2164,-4800,1096,2704,-7296
1530,-15072,-2740,-4672,2541,2426,-6777
1542,-15080,-2892,-5016,3886,2253,-6272
1552,-15604,-1632,-5392,4688,1946,-5834
1562,-15500,-128,-4456,4855,1839,-5510
1573,-15528,224,-4052,4230,1909,-5295
1583,-15492,-116,-3408,3637,1961,-5302
1594,-15796,-696,-3400,3400,2119,-5182
1604,-15920,-96,-3900,3302,2138,-4957
1614,-15516,808,-4004,2667,2236,-4831
1625,-15112,1400,-4904,1471,2429,-4800
1635,-14900,1600,-5748,241,2464,-4888
1645,-15056,1636,-6036,-671,2364,-5029
1655,-15172,988,-6196,-1351,2287,-5153
1666,-15168,612,-6316,-1876,2005,-5142
1676,-15256,532,-7512,-2403,1722,-5251
1686,-15340,420,-7512,-3214,1220,-5255
1696,-15180,-448,-6012,-2977,1095,-5158
1708,-15600,-788,-5016,-1939,929,-5208
1718,-15868,-1124,-4064,-1035,1050,-5204
1729,-15900,-980,-5568,-967,1071,-5073
1739,-15572,-372,-6908,-1373,652,-4740
1750,-15040,80,-5064,-1537,716,-4615
1760,-15112,-124,-4728,-1298,941,-4878
1770,-15288,-100,-4988,-1523,1177,-4924
1780,-15440,-224,-5332,-1555,1307,-4780
1792,-15304,-912,-5208,-1308,1458,-4762
1802,-15532,-2184,-5060,-883,1503,-4655
1812,-15404,-2512,-5412,319,1420,-4659
1823,-15388,-2080,-6068,1682,1399,-4566
1833,-15328,-264,-5584,2300,1296,-4551
1844,-14880,956,-5772,2121,1414,-4858
1854,-14904,1064,-6412,1316,1381,-5183
1864,-15300,4,-7252,845,1274,-5592
1873,-15600,-912,-6828,808,1095,-5726
1884,-15588,-2128,-6032,1402,977,-5856
1894,-15820,-1924,-5300,2230,912,-6009
1904,-15972,-880,-5296,2693,1015,-6162
1915,-16356,-644,-6568,2859,699,-6406
1926,-16312,284,-6132,2493,689,-6801
1935,-16032,-760,-6164,2066,532,-7331
1945,-16268,-1324,-5576,2345,381,-7797
1955,-16396,-1052,-5804,2906,269,-8344
1966,-16528,-692,-5664,3060,143,-8724
1976,-16752,-548,-5320,2781,61,-9224
1986,-16876,-1204,-4900,2315,-25,-9648
1996,-17000,-3068,-4540,2399,-35,-9969
2007,-16936,-4136,-4400,2860,-70,-10051
2018,-16984,-3440,-4744,3575,-132,-10194
2028,-17244,-1940,-5284,3807,-82,-10476
2039,-17064,-2220,-5296,3841,-82,-10955
2050,-17020,-1412,-5252,3468,-287,-11541
2061,-16520,-2548,-5880,3471,-208,-12200
2071,-16116,-4552,-4496,3629,-302,-12424
2082,-15312,-5196,-4540,3787,-317,-12259
2094,-13996,-7324,-4332,3495,-180,-11943
2104,-14268,-7804,-3476,4219,-135,-11540
2115,-13984,-7480,-4068,4783,60,-11289
2125,-14804,-6344,-4468,5551,139,-11141
2137,-15000,-3992,-4236,6135,258,-10916
2147,-13576,-8224,-4368,4794,514,-10621
2158,-13044,-10948,-3512,5837,610,-10229
2168,-12456,-10792,-4264,7414,824,-9433
2180,-13904,-9864,-5312,8326,831,-8645
2190,-15656,-8456,-5972,9161,708,-8106
2200,-17752,-6656,-6904,10070,507,-7689
2210,-19708,-4812,-6884,11226,241,-7513
2222,-20732,-2692,-6624,12304,52,-7624
2232,-20920,-1628,-7240,13069,-336,-7914
2243,-21676,-36,-7332,13490,-842,-8345
2253,-21084,1148,-7764,13164,-1026,-8952
2264,-19808,-456,-7164,10808,-1155,-9614
2275,-18252,-3468,-7104,8985,-1129,-10546
2286,-17500,-5496,-7004,7536,-1151,-11471
2297,-17680,-7496,-6864,7448,-1234,-11669
2309,-17100,-6480,-5628,7823,-1288,-11575
2320,-15336,-5684,-4700,7267,-817,-11397
2330,-13196,-6180,-3552,6287,-60,-11356
2341,-10060,-8116,-1932,4851,1280,-11543
2352,-12440,-10764,-4192,3763,2229,-10623
2363,-12188,-12156,-4160,2174,2574,-9243
2374,-12624,-11612,-3796,2900,2510,-7843
2385,-11844,-9280,-3484,3961,2325,-5986
2396,-10112,-7376,-2224,5320,2060,-4021
2407,-10068,-6132,-2640,5822,1614,-1752
2417,-9676,-3764,-2696,4651,1325,715
2427,-9836,-3116,-1900,2819,1290,2938
2437,-8864,-2396,-1096,679,1197,4947
2447,-9308,-2852,-320,-890,1515,6669
2457,-9004,-4080,-28,-2247,1983,8474
2466,-9116,-4988,-304,-3452,2218,10460
2478,-9648,-5456,-784,-4798,2294,12535
2488,-10084,-5588,-1216,-5884,2150,14536
2498,-10152,-5912,-1136,-6823,1770,16520
2509,-10340,-6660,-1236,-7772,1401,18420
2521,-10264,-7016,-1392,-8420,973,20125
2531,-10288,-6868,-1112,-8581,645,21664
2542,-10428,-6764,-880,-8653,540,22853
2552,-10976,-7068,-996,-8647,706,23888
2563,-11836,-8112,-1580,-8513,895,24880
2573,-12628,-8612,-2072,-8280,917,25906
2584,-12908,-8800,-2840,-7274,636,26683
2594,-13336,-9216,-3084,-5768,173,27267
2606,-14060,-9416,-3016,-4205,-172,27863
2616,-15180,-9180,-3484,-3040,-473,28419
2627,-15548,-7996,-3544,-2075,-648,28852
2638,-15932,-7336,-4096,-1932,-522,29112
2649,-16096,-6480,-3692,-2202,-384,29264
2660,-16460,-5608,-3528,-2623,49,29022
2670,-16816,-5292,-4040,-3054,560,28592
2680,-17116,-5196,-4072,-3605,1013,28146
2692,-17456,-5136,-4088,-4056,1478,27521
2703,-17596,-4864,-4004,-4398,1832,26815
2713,-17896,-4328,-4244,-4245,2080,25881
2724,-18112,-4068,-4640,-3893,2195,24922
2736,-17828,-3404,-4896,-3402,2204,23996
2746,-16904,-3112,-4156,-2879,2184,22960
2757,-16368,-2000,-3868,-2307,2247,21578
2768,-16268,-2188,-4604,-1629,2045,20239
2779,-16624,-984,-4732,-1879,2054,18890
2790,-16384,-508,-4872,-1904,2158,17288
2800,-15708,-688,-4556,-1985,2221,15709
2811,-15376,-876,-4524,-2267,2398,14135
2822,-15556,-1044,-5636,-2397,2293,12412
2833,-15272,-684,-5348,-1703,1902,10256
2843,-14952,192,-4836,-1163,1591,7957
2853,-14704,416,-4844,-975,1396,5677
2864,-14184,684,-4960,-657,1185,3318
2873,-13772,996,-5036,-431,1076,747
2883,-13372,616,-4444,-500,1161,-1894
2893,-12864,404,-4680,-1084,1281,-4530
2904,-12664,452,-4340,-2317,1433,-7079
2914,-12600,300,-4480,-3603,1458,-9400
2924,-14008,508,-6004,-4919,1942,-11028
2934,-11860,704,-4472,-6053,1099,-12654
2946,-14064,-1620,-4648,-5461,1169,-14086
2957,-19048,4956,-7596,-3384,745,-10638
2967,-22552,14976,-1856,-2913,-1871,-6408
2978,-22296,25000,1708,-2743,-1974,-5379
2990,-20392,13220,5924,-7348,-765,-9120
3000,-20104,-156,5400,-9949,1382,-14044
3011,-22056,-11964,1580,-7723,3642,-15797
3022,-20352,-9864,-3228,-3935,4696,-13700
3033,-15100,-6064,-6176,-3048,5364,-11608
3044,-12628,-5552,-10700,-4895,6110,-10765
3056,-13608,-6784,-13468,-5118,6446,-10325
3067,-16936,-6580,-13752,-2307,4697,-9549
3079,-17884,-5136,-9228,597,2394,-8442
3089,-17072,-5548,-6200,2383,1374,-7797
3099,-17268,-6336,-5032,4125,814,-6754
3109,-16880,-5528,-4896,6079,476,-5455
3120,-15728,-3872,-6372,7083,220,-4466
3131,-15104,48,-5444,6410,-11,-3727
3140,-14896,3164,-3956,4475,296,-3695
3150,-14856,5496,-2572,1857,1091,-4197
3161,-14956,5880,-3092,-1110,2119,-4957
3172,-14684,4272,-5152,-3771,2784,-5346
3182,-14352,1980,-7496,-4839,2831,-5280
3192,-14336,160,-8788,-4217,2351,-5132
3203,-14704,-432,-9112,-2651,1583,-4892
3214,-15072,-392,-7664,-785,1006,-4710
3224,-15712,-260,-5944,581,530,-4796
3234,-15988,-568,-4868,1696,346,-4859
3245,-15868,-788,-3932,2537,330,-4941
3255,-15520,-448,-3808,2760,545,-5062
3264,-15228,88,-3988,2308,815,-5230
3274,-14916,656,-4660,1446,1020,-5333
3284,-14988,1672,-5280,713,1147,-5696
3295,-14956,2228,-5924,-127,1124,-6181
3305,-14536,2132,-5984,-560,1231,-6623
3315,-14908,1284,-6340,-293,1076,-7050
3325,-14856,916,-6264,545,1119,-7320
3336,-14696,336,-6436,1049,1120,-7263
3346,-15228,-168,-6340,1516,1103,-7354
3356,-15688,-868,-6128,2182,949,-7306
3366,-15896,-1816,-5640,2314,948,-7257
3377,-16184,-2148,-4752,3181,893,-7448
3387,-16260,-1272,-4004,3616,1157,-7543
3397,-16060,1168,-5140,3162,1304,-7830
3408,-15512,1520,-6464,2072,1383,-8249
3419,-15476,968,-6868,1424,1145,-8895
3429,-15496,-316,-7404,1243,884,-9554
3439,-15512,-2072,-6892,1714,817,-9864
3449,-15672,-3180,-6060,2441,650,-9830
3460,-15880,-4024,-5668,2943,666,-9858
3470,-15812,-4004,-4944,3526,510,-9857
3480,-16372,-3264,-4660,3902,401,-10058
3491,-16128,-1832,-5472,3841,337,-10258
3502,-16108,-2128,-5844,3096,82,-10540
3512,-15832,-4584,-5564,2324,58,-10577
3522,-15484,-7268,-4856,2580,-82,-10385
3533,-15380,-7612,-4748,3561,-186,-9951
3544,-15304,-6396,-5148,3758,-258,-9490
3555,-15892,-5172,-5772,3900,-362,-9369
3565,-16176,-3732,-5884,3695,-464,-9499
3575,-15916,-3180,-6280,2878,-621,-9621
3587,-15200,-4688,-5736,1933,-623,-9686
3597,-14352,-7272,-5308,1189,-568,-9445
3608,-13440,-8900,-4164,1559,-420,-9084
3618,-13192,-9208,-4616,2059,-306,-8455
3629,-13488,-8180,-5300,2704,-145,-7996
3640,-14552,-6824,-6272,3451,4,-7793
3649,-15008,-6264,-6716,3914,109,-7703
3660,-15460,-5492,-6696,4421,223,-7811
3671,-15880,-6092,-6748,5182,395,-7928
3681,-16580,-5836,-6188,6272,486,-8030
3691,-14192,-5496,-6484,7162,497,-8198
3701,-17140,-5084,-4644,9260,629,-8419
3712,-18520,-4400,-5284,9647,511,-8841
3723,-19656,-3360,-5560,11324,349,-9155
3733,-19456,-2004,-6040,12621,182,-9521
3743,-19908,-2240,-5808,13946,-54,-9917
3755,-20236,-1588,-5892,15538,-390,-10114
3766,-20316,-1196,-5976,17349,-718,-10252
3777,-20656,-728,-6740,18097,-1076,-10098
3788,-19896,-720,-6528,17149,-1268,-10250
3799,-19448,-2832,-6296,14536,-1381,-10733
3811,-19116,-5592,-6104,11795,-1517,-11379
3822,-20156,-8136,-6188,10908,-1721,-11992
3833,-19672,-7556,-4984,11128,-2150,-11801
3845,-15212,-9372,-2316,9881,-2079,-11543
3856,-13968,-6960,-2484,8233,-1575,-11358
3867,-10704,-8052,-2644,4883,-755,-10858
3878,-9452,-10024,-3028,2592,-184,-10411
3889,-8868,-12040,-3220,-514,354,-9595
3899,-8536,-13792,-2396,-1695,821,-8676
3910,-9072,-13172,-1768,-616,865,-7142
3920,-9008,-12272,-1924,286,948,-5082
3931,-4636,-10088,-1912,1358,542,-2502
3941,-6764,-8284,-2092,1554,-209,619
3951,-7236,-5128,-2588,208,-686,3075
3960,-7120,-3328,-2232,-1637,-1205,5070
3972,-6696,-3004,-560,-2599,-1411,6623
3982,-6796,-3924,-560,-4156,-1211,7935
3992,-7036,-5500,-1064,-5336,-1127,9507
4003,-8084,-6184,-1172,-6300,-1101,11251
4014,-8884,-6920,-1556,-7319,-1099,13151
4025,-9152,-7260,-1908,-8017,-1298,15040
4036,-9224,-7208,-1432,-8038,-1489,16666
4046,-9248,-6524,-1228,-8171,-1527,17976
4058,-9428,-6248,-1476,-8909,-1368,19020
4068,-10456,-6288,-2700,-10021,-1087,19973
4080,-11396,-6992,-3304,-11321,-989,21113
4091,-12288,-7076,-3924,-11257,-1114,21746
4103,-12948,-7412,-4000,-10952,-1229,22220
4114,-13488,-7092,-3912,-10720,-1143,22755
4125,-14276,-7612,-3944,-10493,-997,23160
4136,-14916,-8204,-3792,-9783,-881,23648
4148,-15836,-8616,-4512,-8873,-903,24212
4158,-16244,-8600,-4624,-7516,-1079,24713
4169,-16740,-8412,-4404,-6111,-1015,25032
4180,-16612,-7648,-4616,-4973,-826,25252
4192,-16308,-6192,-4440,-4222,-389,25183
4203,-16324,-5416,-4252,-4110,317,24999
4213,-16440,-5140,-4304,-4344,1185,24809
4225,-16588,-5044,-4260,-4201,1962,24572
4235,-16880,-5172,-4048,-4087,2557,24350
4246,-17192,-4228,-4348,-3338,2744,23957
4257,-17260,-3760,-4180,-2539,2812,23644
4268,-18348,-2740,-5552,-1994,3003,23131
4279,-17868,-2580,-4356,-2149,2867,22425
4290,-17532,-2396,-4220,-2289,2762,21649
4300,-17592,-1912,-4248,-2349,2698,20786
4312,-17472,-1124,-4264,-2524,2596,19943
4323,-16996,-92,-3876,-2909,2547,18955
4333,-17204,248,-3848,-3163,2528,17846
4343,-17024,52,-3816,-3401,2398,16611
4354,-16744,-84,-3592,-3571,2376,15373
4364,-16764,-220,-3956,-3684,2228,14100
4374,-16572,888,-5444,-4233,2059,12831
4384,-16256,452,-3920,-3937,1752,11606
4396,-15996,596,-3572,-4278,1528,10098
4406,-15592,244,-4008,-4346,1349,8495
4416,-15476,404,-3928,-4408,1193,7016
4426,-15188,176,-3768,-4755,1084,5537
4436,-15008,356,-3504,-4884,1036,4142
4446,-14876,412,-4008,-4972,855,2706
4456,-14500,-4,-3552,-4959,682,1300
4465,-14392,-172,-3752,-4310,507,-261
4475,-14264,616,-4124,-4728,356,-1590
4486,-14128,704,-4124,-5471,253,-3086
4496,-13712,552,-4216,-5987,285,-4273
4506,-13600,228,-4220,-6323,321,-5502
4516,-13024,-764,-3992,-6324,433,-6708
4527,-13836,-896,-5016,-6083,975,-7374
4537,-11292,-780,-4944,-5764,1244,-8111
4548,-12316,-3472,-5364,-4891,1897,-9369
4558,-15244,-560,-8472,-2797,1975,-7990
4570,-17768,7136,-9588,27,1052,-4924
4579,-16892,12160,-4216,1948,-304,-2469
4590,-19320,14896,852,666,-677,-2343
4599,-20592,7736,4576,2789,-405,-5808
4610,-19488,4116,616,-512,683,-7618
4620,-20084,592,-888,-1178,1410,-9131
4630,-19620,708,-1048,94,1939,-9272
4639,-17520,1816,-1376,-168,2139,-8929
4649,-15332,1936,-2552,-1569,2752,-9134
4661,-14680,820,-4204,-3165,3584,-9249
4671,-14968,520,-5748,-3665,4259,-8891
4681,-14964,-760,-8072,-3159,4469,-8739
4691,-15408,-1356,-11300,-2846,4419,-8442
4703,-15728,-2752,-13684,-4159,3908,-7839
4714,-15696,-2504,-12252,-1805,2524,-7075
4725,-14852,-1688,-8672,789,1533,-6943
4736,-15264,-1448,-7868,1778,947,-6533
4746,-15732,-668,-6824,2140,464,-6114
4756,-16444,-512,-6096,1975,-49,-5684
4766,-16276,76,-3700,2975,-202,-5391
4776,-15576,216,-3040,3481,72,-5457
4786,-15588,528,-2428,2595,592,-5315
4796,-15808,792,-2580,1378,1155,-5080
4806,-15584,288,-3616,-448,1585,-4816
4816,-15536,-324,-4548,-1867,1839,-4493
4827,-15776,-680,-4608,-1987,1870,-4109
4838,-15572,-1148,-5124,-1785,1924,-3702
4848,-15528,-2248,-5072,-874,1774,-3181
4859,-15672,-3068,-4972,889,1432,-2676
4870,-16036,-3108,-4164,2728,1173,-2207
4880,-16156,-2044,-4636,4233,1007,-1758
4891,-15688,-416,-4348,5053,1072,-1540
4901,-15404,604,-4092,5428,1302,-1518
4912,-15312,1240,-4292,5866,1421,-1398
4922,-15320,1728,-4616,4693,1716,-1359
4932,-15432,1480,-5140,3752,1885,-1567
4942,-15508,1092,-6016,3092,1975,-1511
4953,-15504,488,-6472,2465,1697,-1568
4963,-15564,-420,-5576,2616,1491,-1696
4973,-15696,-32,-5544,3227,1374,-1644
4983,-15848,860,-5644,3264,1308,-1489
4994,-15788,636,-6052,2728,1204,-1453
5004,-15524,44,-6356,2290,1101,-1466
5014,-15340,-188,-5512,1922,941,-1456
5024,-15368,-308,-5676,1517,936,-1407
5035,-15620,-768,-5788,1469,864,-1230
5044,-15500,-820,-5980,1587,732,-1056
5054,-14700,-988,-5980,1400,562,-906
5064,-14500,-840,-5732,1543,551,-650
5074,-14940,-700,-5436,1424,454,-603
5084,-14988,-288,-5416,1132,427,-548
5094,-14956,-88,-5808,902,336,-625
5103,-15308,196,-5660,962,301,-624
5112,-15200,108,-5764,1118,316,-633
5123,-15060,252,-5644,1243,315,-773
5132,-15136,836,-5800,1425,330,-800
5141,-15280,808,-5804,1317,326,-951
5151,-15200,268,-5776,1327,355,-1041
5160,-15444,32,-5952,1520,293,-1109
5171,-15140,-128,-5268,1948,367,-1228
5181,-14976,-92,-5188,2158,432,-1317
5190,-15332,300,-5524,2140,424,-1453
5200,-15228,540,-5748,2154,435,-1640
5211,-15020,820,-5956,2115,340,-1841
5220,-15276,1472,-5924,1844,281,-2123
5230,-15236,1748,-5928,1567,234,-2397
5240,-15184,1268,-6700,1206,217,-2680
5251,-15552,664,-6588,1000,113,-2861
5261,-15512,196,-6348,1013,-27,-2966
5270,-15756,-300,-6552,1159,-170,-3081
5280,-16252,20,-6540,1258,-365,-3071
5291,-16272,68,-6608,1555,-517,-3142
5301,-16468,-204,-7608,1348,-925,-3172
5311,-16616,560,-6628,1205,-1306,-3262
5321,-16508,-324,-7120,363,-1537,-3241
5331,-16088,-304,-6232,-278,-1904,-3355
5343,-16364,-500,-6204,-384,-2149,-3449
5353,-16180,-812,-5824,-412,-2164,-3371
5363,-16284,-992,-5392,-1310,-2408,-3168
5374,-15552,-1148,-4076,-1686,-2388,-3191
5386,-15156,-2220,-3652,-1693,-2206,-3177
5397,-14616,-1748,-3552,-2699,-2112,-3038
5408,-14072,-2332,-5256,-2616,-1788,-2955
5420,-14424,-2188,-4952,-3090,-1975,-2673
5431,-14532,-1204,-4428,-3492,-1874,-2622
5442,-13652,-2704,-4252,-4365,-1538,-2431
5453,-12960,-4460,-4588,-3922,-1264,-2164
5464,-12812,-4184,-4908,-5484,-1158,-1339
5475,-13404,-3788,-4840,-3725,-1329,-596
5486,-13396,-1024,-4408,-3617,-1281,967
5496,-13596,-296,-4096,-3835,-997,1976
5508,-15368,-404,-4020,-3613,-692,2434
5518,-16340,-384,-4304,-3935,-492,2508
5528,-16840,-728,-4052,-4331,-235,2083
5538,-20400,-672,-2484,-4680,129,1391
5549,-16592,-3360,-3692,-3656,157,822
5559,-15728,-4320,-3460,-4541,274,26
5569,-15288,-6728,-3316,-2674,474,-901
5579,-14204,-5632,-3992,-586,834,-397
5590,-13196,-3168,-5720,1091,1041,547
5599,-13584,-1604,-7584,1819,791,1128
5609,-14444,-768,-6904,2833,698,955
5619,-14692,364,-7336,3277,733,707
5628,-14520,1676,-7928,3116,735,214
5638,-14764,2132,-7100,2524,784,-300
5648,-15996,1832,-6776,1439,610,-805
5658,-16460,1776,-4932,604,471,-1173
5667,-16296,132,-3120,201,445,-1839
5678,-16264,-356,-2460,-97,497,-2179
5687,-16264,-340,-2416,-523,612,-2363
5697,-15796,-568,-3152,-836,634,-2478
5707,-15636,-1144,-4084,-1040,769,-2652
5719,-15384,-3072,-4736,-791,791,-2546
5729,-14444,-4236,-4548,-68,940,-2281
5739,-14156,-3308,-5408,476,1008,-2042
5749,-14020,-2296,-6188,272,962,-1860
5760,-14868,-1124,-6488,-20,803,-1961
5770,-15396,-924,-6312,-373,811,-2088
5779,-15940,-916,-6376,-429,694,-2177
5789,-16340,-924,-5456,-475,744,-2233
5799,-16648,-2124,-4928,-259,691,-2251
5810,-16316,-2064,-3916,235,708,-2293
5820,-15664,-2192,-3980,331,775,-2261
5830,-15468,-2916,-4636,460,800,-2202
5840,-15316,-2988,-4916,777,811,-2095
5851,-15188,-3252,-5928,1004,801,-1929
5861,-14952,-3240,-6128,1195,693,-1776
5871,-15032,-2912,-6192,1216,568,-1594
5881,-15164,-2476,-6192,863,446,-1454
5892,-15224,-2420,-6004,536,301,-1449
5902,-15188,-2548,-5860,380,207,-1404
5912,-15000,-3168,-5376,361,119,-1311
5922,-15032,-3424,-5252,606,122,-1130
5933,-15052,-3608,-5488,776,95,-913
5942,-15084,-3196,-5452,933,57,-749
5952,-15044,-2640,-5512,878,8,-657
5961,-14904,-2696,-5700,681,-50,-622
5971,-14948,-2512,-5564,667,-68,-657
5981,-15028,-2344,-5556,617,-92,-658
5991,-15120,-2508,-5364,704,-53,-712
6001,-15420,-2712,-5272,903,-45,-753
6010,-15948,-2304,-6016,730,-191,-714
6021,-16388,-2008,-5824,435,-357,-860
6031,-15964,-1852,-5876,-44,-472,-1145
6041,-15296,-1636,-6324,110,-791,-1462
6051,-15104,-1280,-6248,162,-1142,-1894
6063,-15364,-912,-6300,-438,-1311,-2119
6073,-15376,-952,-6368,-1337,-1479,-2387
6084,-15340,-1088,-5412,-1406,-1492,-2607
6095,-15472,-2728,-5528,-1686,-1463,-2599
6107,-15772,-3664,-5472,-1404,-1437,-2499
6118,-15140,-3784,-4800,-1504,-1469,-2271
6128,-14420,-3976,-4800,-1837,-1344,-2093
6139,-14240,-3192,-5276,-2169,-1280,-1900
6151,-14448,-2992,-4752,-2875,-1187,-1933
6162,-13904,-3704,-4892,-3401,-861,-1735
6173,-13776,-4228,-5000,-3150,-494,-1468
6184,-13480,-4016,-5120,-2174,-159,-499
6195,-13252,-2124,-4796,-509,70,1195
6205,-13740,-604,-4008,845,376,2659
6214,-14560,548,-3772,1886,630,3943
6223,-15520,1000,-3228,2183,1149,4914
6234,-16176,-352,-4024,1970,1632,5131
6244,-16408,-1880,-4064,1521,1828,4556
6254,-16240,-4692,-3592,1220,1963,3521
6264,-16236,-7856,-2836,1059,1906,1886
6276,-16392,-12404,-1656,1593,1777,-617
6286,-15548,-12284,-784,4343,858,-563
6296,-11152,-168,-2188,4538,838,1528
6306,-11640,1948,-7036,2086,1212,1221
6317,-14900,-1788,-8464,-262,1225,314
6326,-14852,-956,-8852,-268,1399,-87
6336,-14340,-1840,-8868,535,1038,24
6345,-16328,-2612,-7288,703,1036,-60
6355,-17308,-2440,-6440,1448,869,-117
6366,-16896,-1492,-4420,1597,784,5
6375,-16776,-736,-3212,1066,720,-344
6385,-16236,-1100,-3460,227,636,-567
6394,-15672,-2852,-4420,-433,589,-803
6405,-15248,-3512,-5008,-43,692,-812
6415,-15292,-3544,-5972,447,640,-582
6425,-15228,-3460,-6204,622,589,-437
6434,-15052,-2672,-6044,527,600,-275
6445,-14804,-2648,-6072,131,607,-219
6455,-14972,-2924,-5900,74,546,-265
6464,-15280,-2592,-5916,58,479,-273
6473,-15460,-2244,-5864,-98,442,-266
6483,-15512,-2884,-5664,51,419,-311
6493,-15464,-3516,-5140,557,393,-232
6503,-15364,-2916,-5532,1092,398,-101
6513,-15456,-2432,-5720,1085,400,-53
6523,-15724,-2624,-5416,1048,309,-102
6534,-15648,-2496,-5804,1117,253,-77
6543,-15328,-3004,-5640,1031,212,-16
6553,-15060,-3264,-5584,1055,173,20
6562,-15232,-2796,-5532,937,87,81
6572,-14972,-2712,-5428,933,70,114
6581,-14880,-3100,-5752,826,28,188
6590,-15148,-2960,-5660,766,-69,253
6600,-15104,-2868,-5396,711,-118,303
6609,-14988,-3248,-5536,557,-131,427
6620,-15036,-2880,-5408,462,-207,455
6630,-14964,-2744,-5260,271,-247,502
6639,-14820,-3016,-5392,200,-235,521
6649,-14980,-2988,-5252,126,-264,547
6660,-14828,-2940,-5304,212,-245,556
6669,-14544,-3504,-5088,425,-213,622
6679,-14548,-3836,-5028,840,-251,695
6689,-14400,-3380,-4936,1180,-280,773
6700,-14240,-3212,-4968,1582,-207,741
6709,-14616,-3180,-5300,2009,-176,684
6719,-15108,-2516,-5592,2167,-205,657
6729,-14672,-2176,-5960,1907,-274,614
6739,-14680,-2716,-5740,1939,-425,466
6750,-14504,-3064,-5328,2263,-529,330
6760,-14248,-3004,-4856,2448,-445,242
6770,-14704,-2220,-4880,2496,-318,151
6780,-16020,-984,-5752,2239,-415,-32
6790,-16796,-160,-5396,1686,-498,-381
6800,-16748,32,-4876,1082,-409,-786
6810,-16396,-464,-5448,624,-369,-1046
6820,-16572,-784,-5932,-140,-667,-1222
6831,-15732,-156,-4492,-412,-843,-1582
6841,-15088,-600,-4992,-1381,-925,-1924
6851,-14828,-1248,-4424,-2370,-941,-2299
6862,-14672,-2684,-4832,-2929,-838,-2517
6874,-14800,-3276,-5288,-2907,-786,-2482
6884,-14656,-3192,-5380,-2763,-806,-2426
6895,-14428,-3152,-5204,-2550,-694,-2299
6906,-14740,-3620,-5432,-2409,-465,-2081
6917,-14496,-4016,-5080,-1893,-285,-1788
6928,-13668,-4516,-4976,-1110,221,-1099
6938,-13748,-4576,-5612,-111,566,-318
6948,-14228,-4152,-5432,979,705,441
6959,-14280,-2480,-4792,1816,843,1222
6969,-14588,-1156,-4816,2159,980,1828
6978,-14832,-1696,-4184,1689,1530,1653
6989,-15368,-4952,-5256,1285,1939,982
7000,-15860,-7368,-5068,1016,1770,424
7009,-15432,-5664,-2056,1365,1431,539
7019,-13868,-3500,-2556,2337,1518,1440
7029,-14804,-2844,-2404,2611,1662,1509
7041,-16136,-3308,-4488,2624,1793,943
7051,-15304,-2224,-3064,2418,1681,810
7060,-13968,-1268,-4440,1249,1744,566
7070,-14104,-1488,-6040,335,1509,249
7080,-15088,-1060,-5888,478,1468,-182
7091,-15660,-1004,-7104,811,1479,-491
7101,-16064,-176,-7500,785,1381,-850
7110,-16432,-676,-7132,370,1184,-1069
7120,-16304,-1756,-6500,-33,876,-1460
7131,-15688,-2344,-5244,-286,722,-1607
7141,-15696,-2896,-5340,-328,629,-1618
7152,-15364,-3472,-5256,-752,511,-1591
7162,-14972,-4548,-5676,-1121,378,-1373
7173,-15068,-4832,-5828,-995,246,-1047
7183,-15336,-4976,-5916,-829,199,-595
7193,-15652,-4768,-5876,-636,154,-232
7203,-15692,-4372,-5876,-317,83,55
7213,-15284,-4080,-5980,-191,90,314
7223,-15004,-4260,-5984,-192,62,596
7232,-15308,-4476,-5908,-145,-15,815
7242,-15140,-4480,-5824,-1,-49,1052
7251,-14912,-4544,-5564,172,-70,1345
7262,-15088,-3960,-5480,334,-104,1593
7272,-15064,-3144,-5748,365,-129,1718
7282,-14828,-2892,-5744,321,-134,1766
7291,-14840,-2836,-5852,300,-162,1813
7302,-14752,-2432,-5592,445,-231,1736
7312,-14684,-2260,-5608,385,-236,1665
7322,-14804,-1956,-5728,403,-244,1508
7332,-14988,-1836,-5664,455,-257,1335
7343,-14916,-1816,-5676,477,-285,1184
7353,-14932,-1756,-5304,530,-299,952
7362,-14640,-1588,-5404,597,-309,686
7372,-14680,-1428,-5536,668,-308,435
7383,-14784,-1180,-5272,886,-259,64
7392,-14888,-848,-4912,1253,-180,-259
7402,-15216,-284,-4840,1406,-25,-720
7412,-16396,44,-5036,1664,38,-1266
7421,-17208,64,-5148,1827,81,-1831
7431,-16840,-368,-5748,1846,2,-2356
7440,-15880,-844,-5800,2080,-54,-2814
7450,-15140,-2316,-6752,1669,-180,-3118
7461,-15548,-2432,-6740,1728,-491,-3275
7472,-15392,-1792,-6592,1599,-835,-3501
7483,-15416,-876,-5864,1393,-1128,-3656
7493,-15612,-1224,-5228,195,-1143,-3904
7503,-15756,-2100,-4672,-666,-1132,-4043
7515,-16056,-2856,-4800,-1600,-1134,-4144
7526,-15368,-3424,-4264,-2041,-1090,-4043
7537,-15064,-4456,-4336,-3025,-941,-3698
7548,-15032,-5692,-4044,-2993,-966,-3410
7559,-14328,-6088,-4688,-3199,-927,-2885
7570,-14164,-6600,-5156,-3233,-973,-2447
7581,-13496,-7256,-4836,-2895,-875,-1892
7591,-13172,-7380,-5356,-2469,-737,-1297
7603,-13044,-6776,-5268,-1483,-512,-407
7613,-12728,-5456,-4844,-166,-255,974
7623,-12912,-4700,-4160,1288,-18,2172
7633,-13572,-4540,-3964,2651,102,3301
7644,-14412,-3464,-4068,3267,207,4293
7654,-15196,-1648,-4196,3155,294,4991
7664,-15424,-1372,-4096,2546,451,5053
7674,-15660,-1992,-3900,2002,852,4664
7685,-16164,-2612,-4904,1541,1116,3897
7695,-15688,-3888,-5068,1162,1250,2960
7705,-14704,-5160,-4780,544,1669,1994
7715,-13712,-6132,-5192,315,1885,1254
7726,-12976,-4972,-4780,885,1703,2029
7736,-12360,-3244,-4544,1418,1721,2897
7746,-13240,-2240,-5244,2183,1826,3270
7756,-15420,-2896,-5852,2160,1783,2847
7767,-16880,-3392,-7072,1847,1540,2154
7777,-17104,-2972,-5612,2175,1178,1721
7787,-15980,-464,-4704,2019,1024,1633
7797,-15200,-624,-4152,1234,1178,1344
7808,-15516,-1804,-3640,367,1243,795
7818,-15184,-2372,-4260,354,1206,450
7827,-14892,-1012,-5680,-188,1092,263
7837,-14572,-1184,-6572,-635,1254,-59
7847,-15340,-1688,-7212,-719,1266,-274
7858,-16072,-1788,-6496,69,1179,-534
7868,-15972,-2164,-6468,466,1016,-562
7878,-15584,-2856,-5988,549,896,-667
7888,-14980,-2600,-5948,745,883,-732
7898,-15028,-2108,-5860,653,866,-777
7908,-15536,-2240,-5816,283,793,-866
7918,-15776,-2280,-5804,117,717,-1019
7927,-15812,-2848,-5964,224,701,-978
7938,-15564,-3928,-6324,276,605,-857
7948,-15192,-4488,-6060,611,503,-677
7957,-14940,-4360,-5932,862,424,-356
7967,-14972,-3996,-5864,827,390,-145
7977,-14944,-4352,-5888,629,310,121
7987,-15236,-4676,-5832,854,248,414
7997,-15276,-4220,-5772,1188,191,664
8006,-15108,-3800,-5704,1079,114,946
8016,-14956,-3668,-6124,955,71,1089
8026,-14812,-3696,-5656,964,19,1249
8036,-14904,-3540,-5604,1124,-50,1386
8045,-14684,-3036,-5796,1152,-110,1472
8056,-14756,-2292,-6076,913,-206,1467
8067,-14740,-1760,-6080,556,-273,1396
8076,-14848,-1848,-5792,223,-308,1207
8086,-14648,-2176,-5892,200,-321,1044
8096,-14716,-2136,-5508,324,-395,964
8107,-14744,-1868,-5536,265,-412,790
8117,-14652,-1548,-5448,252,-362,613
8126,-15176,-1196,-5372,471,-356,303
8136,-15536,-836,-5316,673,-261,17
8145,-15776,-76,-5636,873,-227,-338
8155,-15916,448,-5612,849,-202,-837
8165,-15880,320,-5660,836,-224,-1383
8174,-16020,300,-6052,800,-307,-1940
8184,-15644,-388,-5976,643,-301,-2403
8195,-15324,-1648,-5852,638,-326,-2748
8205,-15472,-2936,-5660,837,-395,-2958
8215,-15560,-2960,-5184,1244,-371,-3076
8226,-15308,-2308,-5444,972,-446,-3378
8237,-14528,-1820,-5088,856,-443,-3635
8247,-14212,-1944,-5360,658,-611,-3933
8257,-15152,-1856,-5148,266,-769,-4155
8267,-16276,-1280,-5496,-366,-719,-4445
8279,-16536,-1460,-4972,-877,-764,-4743
8289,-16020,-2796,-4964,-1435,-656,-4877
8300,-15960,-3756,-5100,-1679,-696,-4807
8310,-16060,-4076,-5280,-1961,-772,-4612
8322,-15560,-4928,-5096,-2308,-855,-4144
8333,-14096,-6152,-5520,-2784,-883,-3477
8343,-12992,-7032,-5564,-3083,-761,-2794
8354,-12852,-7384,-6128,-2639,-507,-1846
8366,-12700,-7084,-6060,-1201,-425,-395
8376,-12592,-5704,-4596,652,-705,1360
8386,-13412,-4720,-4132,1597,-932,2817
8396,-14060,-3504,-3816,1357,-1045,4130
8408,-14088,-2540,-3844,577,-941,5080
8418,-13984,-1756,-3388,-784,-446,5677
8428,-14572,-1468,-3596,-1816,139,5847
8438,-15228,-2532,-4224,-2168,510,5715
8449,-15180,-6536,-4344,-2035,794,4552
8459,-14764,-10472,-4436,-1234,1214,3004
8470,-13884,-14248,-5588,-165,1529,1412
8480,-13992,-11884,-4492,2953,694,2479
8491,-12176,-3476,-1824,5376,686,4004
8501,-11488,2084,-3372,5975,1708,4199
8511,-14132,3040,-6276,4052,2624,3585
8521,-17268,1292,-7200,2606,2830,2365
8531,-18236,-692,-8572,1426,2296,1337
8542,-16684,-136,-5376,1137,1528,1290
8552,-15636,340,-5176,872,1663,564
8561,-15564,-624,-6452,79,1463,-45
8570,-15624,-988,-6036,-155,1255,-343
8581,-15688,-1640,-6140,424,1241,-724
8591,-15924,-1548,-6856,670,1005,-981
8601,-15556,-1928,-6696,286,999,-1135
8611,-15496,-3144,-6788,105,769,-1077
8622,-15404,-3132,-6184,176,544,-1136
8632,-15188,-2976,-6072,120,348,-1107
8641,-15400,-2800,-5980,-87,327,-1086
8651,-15684,-3232,-6032,0,267,-1010
8662,-15376,-4020,-6080,-284,277,-929
8672,-14956,-4744,-5616,-195,253,-683
8682,-15288,-5064,-6096,36,178,-343
8691,-15528,-4684,-5860,207,58,56
8700,-15444,-4832,-6048,164,23,381
8710,-15312,-5016,-5900,372,-67,712
8719,-15028,-4872,-5812,535,-145,1051
8729,-14916,-4300,-5788,476,-269,1351
8739,-15088,-3756,-5780,208,-350,1647
8750,-15128,-3760,-5732,-58,-386,1832
8760,-15080,-3828,-5728,-220,-452,2054
8770,-15064,-3924,-5668,-224,-531,2265
8780,-14888,-3808,-5652,-102,-588,2470
8791,-14688,-3124,-5748,40,-628,2602
8801,-14760,-2732,-5724,35,-718,2687
8811,-15048,-2348,-5592,104,-730,2677
8821,-14872,-1892,-5464,108,-745,2574
8832,-14796,-1828,-5348,-20,-710,2446
8841,-14848,-1492,-5164,-41,-671,2273
8851,-14880,-1476,-4976,-3,-645,2098
8861,-14768,-1096,-4824,185,-544,1811
8871,-14672,-664,-4660,440,-501,1422
8882,-14700,-200,-5112,612,-444,970
8891,-15912,636,-5504,946,-385,466
8900,-16492,1584,-5572,1275,-309,-130
8910,-16008,1880,-5412,1367,-225,-992
8921,-15960,1740,-5600,1457,-161,-1752
8931,-16032,1344,-6004,1292,-165,-2468
8941,-15720,-48,-6012,765,-166,-2910
8951,-15568,-1732,-5904,524,-189,-3166
8962,-15384,-2912,-6056,438,-276,-3299
8972,-15796,-2816,-5768,199,-385,-3181
8982,-16028,-2792,-6124,175,-536,-3079
8992,-15644,-2340,-6252,69,-1028,-3221
9004,-15268,-1836,-5444,300,-1498,-3425
9014,-15180,-2152,-4448,-374,-1531,-3636
9025,-15232,-3228,-4968,-1736,-1461,-3644
9036,-15264,-3644,-4476,-2305,-1504,-3761
9048,-15144,-4308,-4556,-2551,-1346,-3701
9058,-14796,-4536,-4920,-2640,-1225,-3446
9069,-14588,-4416,-5272,-2425,-978,-2968
9080,-14520,-4516,-5156,-2122,-636,-2420
9092,-14244,-4732,-5312,-1456,-350,-1781
9102,-14032,-5104,-5192,-614,-170,-1066
9113,-14012,-4824,-4696,448,-307,-139
9123,-14056,-3808,-3624,1328,-572,943
9134,-14136,-2240,-3396,1494,-714,1951
9144,-13804,-1228,-3332,558,-509,2735
9154,-13784,-568,-3948,-870,-27,3286
9163,-14164,-672,-3948,-1756,299,3584
9174,-14608,-1068,-3820,-2062,407,3747
9184,-14996,-1104,-3724,-2188,789,3973
9195,-15128,-1632,-3984,-2057,1086,3924
9205,-14776,-4364,-3928,-1130,1694,3183
9216,-13592,-7252,-5644,-1402,3078,1955
9227,-14456,-9964,-7956,-884,2744,1351
9237,-15688,-9368,-5752,2634,1480,1173
9247,-15424,-6928,-1812,7351,1239,1644
9257,-14996,-2228,-3568,7948,1650,2474
9268,-14992,964,-5728,5841,1830,2214
9278,-15364,888,-3992,4540,1950,1158
9288,-15632,-1108,-6120,2244,1627,357
9298,-15420,-304,-4264,1028,1323,275
9308,-14980,-576,-4380,431,1386,-230
9318,-14644,-1564,-4900,-195,1518,-737
9328,-14780,-1548,-5812,-278,1576,-898
9338,-15384,-1312,-6592,23,1577,-1104
9349,-15420,-1844,-6864,653,1687,-1320
9359,-15392,-2632,-6848,1187,1467,-1384
9370,-15540,-2824,-6664,1487,1280,-1478
9380,-15724,-2580,-6356,1209,1084,-1426
9391,-15464,-2296,-6020,879,965,-1423
9401,-15700,-2520,-6672,600,807,-1458
9411,-15880,-2652,-6216,740,665,-1472
9421,-15672,-3272,-6032,889,632,-1440
9432,-15504,-3920,-6144,842,545,-1299
9442,-15588,-4252,-5920,1213,462,-1076
9452,-15600,-4052,-6196,1435,382,-807
9462,-15200,-4332,-5948,1336,299,-498
9473,-15188,-4652,-6156,1093,188,-151
9483,-15244,-4652,-5816,1031,32,142
9492,-15056,-4656,-5916,873,-55,448
9502,-14988,-4732,-6172,778,-157,814
9511,-15092,-4704,-5668,757,-203,1180
9522,-15064,-4384,-5632,745,-334,1504
9532,-14816,-4180,-5508,730,-359,1796
9542,-14956,-3436,-5572,540,-412,2008
9552,-15052,-3156,-5440,299,-445,2114
9563,-14988,-2892,-5472,192,-469,2180
9573,-14648,-2724,-5408,39,-487,2212
9582,-14484,-2748,-5392,-132,-492,2205
9592,-14488,-2544,-5632,-200,-496,2186
9604,-14680,-2192,-5352,-265,-496,2123
9614,-14872,-1956,-5388,-322,-490,2013
9624,-14776,-1552,-5288,-366,-513,1851
9634,-14796,-1236,-5264,-381,-525,1603
9645,-14620,-1148,-5168,-147,-461,1272
9655,-14552,-648,-5324,238,-440,841
9665,-14824,-196,-5388,665,-389,388
9674,-15640,540,-5536,902,-327,-72
9683,-16148,796,-5448,957,-308,-596
9694,-16200,672,-5388,828,-298,-1194
9703,-16280,176,-5536,807,-278,-1713
9713,-16000,128,-5760,1120,-322,-2195
9723,-15700,-312,-6076,1156,-379,-2614
9734,-15568,-1508,-5700,1025,-438,-2874
9745,-15152,-2656,-5544,1144,-509,-3030
9755,-14892,-3076,-5112,1272,-579,-3080
9765,-14892,-3456,-5008,1256,-573,-3054
9777,-15132,-3616,-5528,1059,-574,-2966
9787,-15788,-3296,-5732,746,-643,-2823
9797,-16396,-2712,-5912,485,-735,-2771
9807,-16676,-2372,-5936,-322,-928,-2737
9819,-16260,-2652,-5656,-675,-1165,-2784
9830,-16136,-3264,-5376,-936,-1532,-2838
9840,-16064,-3144,-4068,-950,-1591,-2853
9851,-15760,-3488,-4164,-1524,-1414,-2856
9863,-15212,-4020,-4116,-1949,-1253,-2707
9874,-14744,-4752,-4176,-2125,-1016,-2424
9885,-14544,-5340,-4348,-1922,-828,-2112
9895,-14432,-5564,-4876,-1582,-742,-1638
9907,-14016,-5836,-4444,-1105,-563,-991
9917,-13612,-5912,-4824,-705,-370,-325
9928,-13544,-6112,-5068,-148,-237,346
9937,-13632,-6060,-4964,634,-239,1102
9948,-13544,-5180,-4332,1565,-373,1994
9958,-13616,-4356,-3748,2118,-440,2852
9969,-13716,-3240,-3308,2228,-391,3547
9979,-13720,-2544,-3460,2044,-269,4069
9990,-13628,-1952,-3524,1512,-45,4349
10000,-13516,-1652,-3300,769,458,4371
10010,-13868,-1556,-4116,155,923,4392
10020,-13948,-2548,-4484,-498,1184,4403
10031,-12976,-4664,-4224,-622,1902,4008
10041,-12504,-6444,-5548,23,2384,3507
10051,-13148,-7352,-6536,1014,2379,3358
10062,-13180,-5076,-5832,2624,2088,3704
10073,-12412,-2292,-4100,4273,2445,3767
10084,-12972,-2052,-6092,5324,2719,3821
10094,-15672,-1100,-6476,4167,2556,3724
10104,-19076,612,-7372,2670,2274,2314
10115,-20960,2104,-3268,3434,1415,1442
10125,-19648,2884,-2680,1378,1508,996
10135,-17476,2764,-2228,-599,1712,202
10145,-15972,336,-4280,-1703,1798,-681
10156,-14520,-616,-5924,-1561,1836,-1144
10167,-14196,-2312,-7388,-1514,1817,-1266
10178,-14884,-3432,-6760,-505,1798,-1218
10189,-16152,-4460,-6896,1122,1602,-886
10200,-16724,-3504,-5820,2440,1446,-589
10211,-16088,-2272,-5972,2659,1362,-390
10221,-15404,-1256,-6220,2167,1215,-421
10231,-15196,-1120,-6392,1168,1099,-705
10243,-15424,-1320,-5852,466,906,-1015
10253,-15512,-2320,-6252,41,798,-1082
10263,-15700,-3944,-7236,399,616,-865
10273,-15952,-3924,-6852,1315,303,-594
10284,-15428,-3416,-5976,1666,261,-353
10294,-15052,-3508,-5976,1505,202,-37
10304,-15220,-2824,-5764,1540,109,-1
10314,-14992,-2692,-5916,1189,108,88
10323,-15280,-2888,-5896,1016,104,176
10334,-15392,-3008,-6056,1181,18,246
10344,-15112,-2920,-5636,1128,-54,396
10354,-14804,-3008,-5840,864,-90,498
10363,-14560,-2768,-5640,794,-128,554
10374,-14680,-2860,-5564,752,-139,619
10384,-14896,-2856,-5568,636,-159,678
10394,-14836,-2712,-5480,705,-166,745
10404,-14712,-2572,-5560,741,-224,759
10415,-14244,-1824,-5516,829,-297,635
10425,-14248,-1060,-5732,832,-296,403
10435,-14696,-440,-5756,615,-289,55
10444,-15212,-224,-5752,443,-259,-327
10455,-15536,-604,-5696,196,-280,-660
10465,-15528,-1152,-5324,196,-248,-1006
10475,-15292,-1224,-5256,380,-293,-1264
10486,-15280,-1232,-5760,222,-322,-1486
10497,-15144,-1424,-5988,137,-404,-1731
10507,-14940,-1788,-6088,178,-446,-1933
10518,-15012,-2340,-6060,148,-512,-2009
10528,-15188,-2440,-6028,156,-597,-2032
10540,-15372,-2624,-5840,232,-670,-2092
10550,-15604,-2824,-6056,365,-785,-2035
10561,-15668,-2920,-5608,375,-885,-1997
10571,-15432,-3072,-5196,468,-937,-1930
10582,-14844,-3828,-5392,365,-927,-1818
10593,-14852,-4024,-5132,258,-961,-1588
10603,-14748,-4080,-5028,463,-892,-1392
10614,-15020,-3732,-5344,526,-869,-1207
10625,-15448,-3324,-5488,507,-904,-1004
10635,-15316,-3428,-5236,392,-887,-961
10646,-15220,-3492,-5200,308,-938,-870
10656,-15072,-3376,-5164,316,-990,-820
10667,-14916,-2992,-5208,305,-1059,-863
10677,-14808,-2504,-5308,199,-1084,-990
10688,-15000,-2204,-5264,28,-1114,-1152
10698,-15132,-2136,-5708,-505,-1148,-1347
10710,-15372,-1820,-5604,-867,-1178,-1526
10721,-15752,-2200,-5356,-1085,-1272,-1799
10732,-15800,-2924,-4804,-958,-1265,-1923
10743,-15704,-3392,-5068,-887,-1291,-1940
10755,-15612,-3344,-4716,-766,-1339,-1875
10766,-15416,-3184,-4416,-988,-1317,-1844
10777,-15184,-2924,-4192,-1543,-1234,-1794
10788,-14940,-3260,-4296,-2152,-1135,-1779
10800,-14468,-3876,-4064,-2666,-1079,-1749
10811,-14300,-4612,-3292,-3024,-882,-1601
10822,-13936,-5772,-3260,-3379,-544,-1215
10833,-13248,-6452,-3236,-2744,-342,-742
10845,-13532,-5976,-4116,-1790,-266,-13
10855,-13920,-4588,-4200,-1609,88,553
10865,-13712,-4432,-5132,-1155,321,732
10875,-14016,-5184,-5272,-811,554,1147
10886,-14340,-5056,-5208,-618,876,1588
10897,-14528,-5128,-4928,17,994,1713
10906,-14660,-5156,-4836,771,981,1925
10916,-15120,-4264,-4536,1376,975,2105
10927,-15456,-3268,-4580,1784,1004,2250
10938,-15968,-2328,-4652,1679,1048,2192
10948,-16128,-2072,-5124,1363,947,2044
10958,-16284,-1624,-4596,752,882,1866
10969,-16264,-1456,-5128,388,788,1569
10979,-16188,-1288,-4696,-162,717,1422
10989,-16072,-2048,-4752,-452,731,1167
10999,-15264,-3048,-4364,-445,777,1029
11011,-14760,-3512,-4564,-50,789,996
11020,-14176,-2936,-4800,343,805,923
11030,-13820,-2420,-5116,479,912,836
11039,-14012,-2192,-5476,450,950,666
11049,-14900,-2108,-5716,417,983,596
11060,-15232,-2192,-5876,304,960,457
11069,-15332,-2276,-5164,295,895,319
11079,-15296,-2196,-5024,200,863,183
11089,-15160,-2412,-4624,129,860,63
11099,-15148,-2520,-4668,53,984,-33
11109,-15160,-2560,-4676,268,1097,-130
11119,-15412,-2196,-5060,374,1100,-201
11129,-15324,-2088,-5068,303,1188,-356
11140,-15304,-2784,-5060,360,1189,-363
11150,-15208,-2712,-5524,407,1155,-452
11160,-15012,-2792,-5244,302,1142,-461
11170,-14948,-2816,-5424,105,1143,-469
11182,-14976,-2992,-5464,137,1137,-474
11192,-15092,-2976,-5352,206,1165,-480
11202,-15072,-2860,-5336,285,1143,-477
11212,-15132,-2952,-5276,253,1137,-437
11223,-15108,-2752,-5192,139,1107,-433
11233,-14812,-2644,-5420,84,1160,-528
11243,-14656,-2868,-5420,60,1218,-587
11253,-14932,-3088,-5484,45,1217,-536
11264,-15020,-3044,-5296,66,1160,-524
11274,-14660,-3072,-5320,-157,1163,-505
11284,-14256,-2784,-5560,-335,1149,-540
11295,-14088,-2580,-5624,-591,1134,-647
11305,-14268,-2316,-5796,-930,1115,-717
11317,-14744,-2584,-5680,-1177,1096,-861
11327,-15172,-2592,-5844,-1040,1001,-981
11338,-15644,-1616,-6000,-1023,871,-1146
11350,-15412,-1320,-6072,-1255,820,-1432
11360,-15312,-1872,-6068,-1497,792,-1668
11371,-15332,-1964,-5972,-1384,783,-1924
11382,-15104,-2376,-5964,-1293,797,-2107
11393,-15172,-2656,-5992,-1312,732,-2218
11404,-15072,-2968,-5900,-1125,722,-2309
11415,-15004,-3292,-6188,-1023,720,-2338
11425,-14932,-3428,-6036,-766,718,-2289
11437,-14872,-3356,-6168,-660,679,-2259
11447,-14860,-3692,-6076,-672,643,-2208
11458,-14664,-4208,-5828,-801,660,-2080
11468,-14652,-4388,-5996,-774,618,-1909
11479,-14728,-4488,-5884,-739,605,-1708
11490,-14796,-4716,-6080,-739,570,-1463
11500,-14728,-4764,-5908,-707,537,-1232
11511,-14864,-4532,-5808,-639,504,-1028
11522,-14860,-4196,-5952,-827,452,-821
11532,-14924,-4256,-6136,-982,375,-688
11542,-14800,-4196,-6232,-1145,390,-602
11553,-14920,-4180,-6504,-1073,275,-467
11564,-14976,-4424,-6256,-1111,256,-286
11575,-14888,-4464,-5992,-883,197,-105
11585,-14792,-4228,-6216,-819,178,55
11594,-14836,-4016,-6264,-775,130,172
11604,-14772,-4088,-6220,-844,105,260
11615,-14684,-4068,-6124,-844,87,355
11625,-14604,-3960,-5980,-802,44,436
11634,-14700,-3652,-6080,-736,59,502
11644,-14804,-3600,-6116,-695,46,544
11655,-14884,-3508,-6052,-735,24,534
11664,-14764,-3280,-6400,-757,24,513
11674,-14708,-3472,-6324,-801,-2,490
11684,-14712,-3436,-6112,-801,-3,522
11694,-14836,-3368,-6092,-678,-49,492
11704,-14648,-3376,-6052,-669,-56,500
11714,-14696,-3364,-5944,-691,-25,524
11724,-14684,-3356,-5996,-628,-14,497
11735,-14844,-3168,-6080,-636,-35,501
11745,-14936,-3056,-6516,-650,-58,452
11755,-14896,-3136,-6152,-565,-56,380
11765,-14860,-3272,-6016,-424,-36,348
11776,-14912,-3212,-6156,-390,-69,324
11785,-14836,-2952,-6356,-377,-73,266
11795,-14860,-3000,-6096,-440,-105,218
11805,-15020,-3072,-6252,-526,-127,156
11816,-14912,-2964,-6156,-525,-152,96
11827,-14832,-3144,-6152,-630,-160,70
11836,-14804,-3204,-6072,-619,-173,66
11846,-14728,-3176,-6100,-585,-158,41
11856,-14776,-3396,-6024,-560,-171,48
11867,-14796,-3360,-6152,-537,-198,74
11877,-14816,-3384,-5992,-557,-184,84
11887,-14728,-3308,-6024,-509,-199,154
11897,-14796,-3240,-6152,-444,-205,164
11908,-14772,-3244,-5912,-503,-173,208
11918,-14796,-3500,-5860,-466,-160,234
11929,-14796,-3112,-5928,-338,-154,227
11939,-14836,-3116,-6028,-368,-137,230
11950,-14912,-3296,-6028,-495,-121,271
11960,-15020,-3108,-6236,-345,-162,201
11970,-14900,-3224,-5956,-326,-145,252
11980,-14856,-3552,-5924,-336,-129,302
11992,-14764,-3712,-5816,-130,-125,393
12002,-14876,-3384,-5720,44,-114,456
12011,-14872,-2824,-6220,89,-129,436
12021,-14908,-2612,-6092,-32,-141,398
12032,-14924,-2908,-6192,-100,-144,304
12042,-14908,-2824,-6240,-61,-193,235
12052,-14868,-2832,-6220,-108,-190,224
12062,-14844,-2604,-6264,-100,-252,158
12072,-14996,-2840,-6324,-192,-270,108
12083,-14844,-2980,-6068,-250,-289,79
12093,-14916,-3260,-5856,-236,-318,95
12103,-14768,-3012,-5948,-226,-345,107
12113,-14780,-2768,-5764,-213,-366,26
12124,-14952,-2680,-6048,-142,-361,-19
12134,-15044,-2628,-5960,-220,-358,-89
12145,-14884,-2812,-5976,-243,-368,-142
12155,-14956,-2980,-6072,-161,-402,-164
12166,-14852,-3076,-6096,-114,-439,-166
12177,-14864,-3484,-5992,-107,-485,-103
12187,-14928,-3372,-6148,23,-502,-56
12197,-15016,-3116,-5816,44,-559,-25
12208,-15020,-2888,-6156,77,-583,-19
12217,-15112,-2768,-6204,-7,-609,-32
12227,-15164,-2764,-6112,-58,-651,-92
12237,-15100,-3216,-5928,-165,-700,-58
12248,-14952,-3328,-5844,-117,-734,11
12258,-14984,-3480,-5688,-162,-752,107
12268,-14940,-3704,-5688,-171,-736,256
12278,-14944,-3708,-5732,-133,-708,360
12289,-14872,-3604,-5364,-99,-671,514
12299,-14964,-3628,-5512,-114,-654,655
12309,-15096,-3492,-5568,-85,-647,759
12319,-14956,-3616,-5584,-66,-616,873
12329,-14884,-3716,-5580,29,-607,1034
12340,-14920,-3784,-5320,110,-566,1195
12350,-14864,-3700,-5412,238,-527,1338
12360,-15004,-3516,-5436,339,-532,1497
12370,-15076,-3276,-5172,397,-471,1590
12382,-15116,-3028,-5572,375,-481,1661
12392,-15080,-2876,-5464,336,-477,1727
12402,-15076,-2972,-5676,332,-460,1750
12412,-15012,-2824,-5508,353,-478,1848
12423,-15156,-2796,-5444,375,-482,1887
12433,-15032,-2712,-5248,377,-502,1884
12444,-15136,-2764,-5216,374,-469,1940
12454,-15224,-2700,-5540,355,-454,1980
12465,-15112,-2648,-5432,457,-465,2033
12475,-15116,-2500,-5564,579,-475,2056
12485,-15172,-2168,-5476,567,-473,2045
12495,-15140,-1780,-5340,531,-411,1954
12507,-15028,-1684,-5256,353,-399,1848
12517,-15088,-1764,-5480,295,-384,1732
12527,-15104,-1872,-5440,336,-400,1649
12537,-15116,-1836,-5400,407,-425,1573
12548,-15084,-1712,-5500,495,-425,1473
12558,-15216,-1540,-5148,623,-395,1375
12568,-15180,-1252,-5344,607,-364,1233
12579,-15080,-1100,-5320,513,-354,1043
12590,-15220,-888,-5236,350,-331,826
12599,-15196,-1192,-5348,223,-285,638
12609,-15072,-1412,-5436,223,-297,497
12619,-15180,-1540,-5480,328,-299,390
12630,-15132,-1744,-5164,453,-299,278
12640,-15144,-1648,-5132,506,-301,206
12650,-15116,-1476,-5368,566,-330,98
12660,-15124,-1236,-5276,551,-316,-64
12669,-15172,-1128,-5392,442,-337,-157
12681,-15304,-1532,-5440,433,-317,-271
12691,-15208,-1676,-5280,458,-332,-358
12701,-15328,-2024,-5184,497,-334,-377
12711,-15360,-2112,-5236,597,-316,-407
12722,-15212,-2136,-5136,678,-331,-378
12732,-15272,-2044,-4964,705,-333,-356
12743,-15256,-2124,-5288,671,-281,-326
12753,-15328,-2284,-4956,633,-279,-296
12764,-15172,-2120,-4896,650,-258,-304
12774,-15148,-2292,-4920,659,-234,-235
12784,-15240,-2132,-5020,569,-209,-237
12794,-15212,-2092,-5088,481,-193,-194
12806,-15276,-2312,-5128,430,-146,-194
12816,-15256,-2504,-5000,462,-176,-101
12826,-15276,-2544,-4860,514,-134,-45
12836,-15088,-2452,-4664,581,-139,6
12846,-15124,-2240,-4900,526,-124,51
12856,-15124,-2028,-5092,397,-95,52
12865,-15192,-1992,-5036,259,-71,39
12875,-15256,-2212,-4908,240,-69,69
12884,-15084,-2412,-5012,289,-91,47
12894,-15012,-2180,-4888,369,-73,52
12904,-15092,-1948,-5084,369,-53,75
12913,-15240,-1840,-4940,287,-34,71
12923,-15392,-2076,-4912,226,-10,74
12933,-15400,-2176,-4900,231,-25,75
12942,-15288,-2336,-4976,205,-15,98
12952,-15308,-2304,-4924,218,10,134
12961,-15252,-2404,-4964,154,19,214
12971,-15344,-2360,-5020,184,12,252
12981,-15160,-2456,-4916,148,47,333
12990,-15200,-2436,-4920,38,28,419
12999,-15212,-2548,-4764,-65,69,498
13009,-15148,-2376,-4944,-184,101,582
13020,-15200,-2568,-4860,-249,154,699
13030,-15236,-2648,-4752,-319,180,815
13040,-15340,-2524,-4752,-323,171,936
13049,-15432,-2472,-4672,-289,208,1053
13061,-15472,-2496,-4920,-278,229,1179
13071,-15372,-2292,-4940,-270,260,1272
13081,-15356,-2292,-5100,-266,223,1352
13091,-15324,-2184,-4808,-186,222,1415
13102,-15304,-2064,-5104,-104,211,1484
13112,-15164,-1924,-5100,-45,246,1492
13122,-15324,-1584,-5388,-4,231,1510
13132,-15324,-1520,-5188,37,258,1504
13143,-15420,-1556,-5128,84,213,1494
13152,-15392,-1488,-5076,159,213,1444
13162,-15272,-1452,-5088,248,220,1446
13172,-15236,-1284,-5052,227,225,1410
13182,-15328,-1328,-5184,189,212,1377
13193,-15252,-1344,-5164,220,209,1331
13203,-15184,-1308,-5320,273,189,1262
13213,-15272,-1216,-5148,281,172,1279
13223,-15224,-1236,-5164,364,142,1210
13233,-15344,-1084,-5284,319,137,1185
13243,-15408,-1200,-5096,307,133,1122
13253,-15372,-1248,-5156,392,143,1075
13263,-15368,-1192,-5128,389,108,1053
13274,-15280,-1184,-5124,361,85,1045
13284,-15328,-1232,-5260,351,87,1000
13293,-15368,-1292,-5172,347,118,1006
13303,-15320,-1228,-5132,336,75,1013
13314,-15272,-1356,-5164,359,78,1025
13324,-15328,-1280,-5112,417,35,1033
13333,-15256,-1100,-5068,392,37,1031
13343,-15348,-1076,-5124,326,6,1052
13352,-15244,-1068,-5328,300,44,994
13363,-15288,-896,-5312,253,26,1012
13372,-15256,-1008,-4860,217,11,976
13381,-15280,-988,-5280,251,15,956
13391,-15268,-888,-4976,275,24,908
13401,-15212,-736,-4980,271,9,829
13410,-15336,-564,-5056,284,15,781
13419,-15356,-616,-5152,177,-14,683
13428,-15408,-704,-5052,147,7,619
13437,-15344,-796,-5120,187,-24,612
13447,-15388,-760,-5196,217,-35,549
13457,-15404,-744,-5004,180,-22,527
13466,-15344,-868,-5136,167,-6,518
13475,-15252,-816,-5132,202,-11,483
13486,-15308,-828,-4896,188,-37,444
13495,-15268,-688,-5048,154,-27,443
13505,-15324,-488,-4896,115,-26,390
13514,-15432,-564,-4980,24,-14,351
13523,-15244,-740,-5076,-11,-32,273
13533,-15248,-852,-5004,67,-6,254
13542,-15340,-696,-5120,41,9,261
13551,-15480,-704,-5180,-8,-16,222
13560,-15352,-736,-5044,12,-4,209
13570,-15436,-856,-5188,40,-31,217
13579,-15396,-944,-5012,100,-33,230
13589,-15444,-824,-4988,188,-19,242
13598,-15336,-720,-4984,237,-51,226
13607,-15300,-684,-5140,168,-17,197
13618,-15384,-736,-4932,126,-2,189
13627,-15340,-672,-5128,129,-42,138
13636,-15300,-752,-5140,188,-40,139
13646,-15420,-676,-5052,195,-41,108
13656,-15392,-528,-5232,151,-18,70
13665,-15392,-584,-5004,201,-7,5
13674,-15316,-504,-4832,246,-27,-34
13683,-15384,-428,-4956,179,8,-83
13692,-15500,-372,-5228,208,-16,-142
13703,-15400,-436,-4856,83,46,-212
13712,-15376,-352,-5096,37,47,-306
13721,-15364,-436,-5048,97,56,-317
13730,-15456,-464,-4968,134,22,-401
13741,-15348,-528,-4984,236,35,-450
13750,-15368,-556,-4948,224,34,-516
13759,-15396,-432,-4888,224,50,-550
13769,-15404,-352,-5024,193,74,-608
13778,-15428,-604,-4868,188,63,-663
13789,-15328,-708,-4884,240,99,-737
13798,-15420,-828,-5008,240,64,-753
13807,-15336,-904,-4960,139,81,-754
13817,-15368,-988,-4888,222,73,-762
13827,-15240,-928,-4884,265,75,-778
13836,-15400,-1004,-4892,226,75,-767
13846,-15324,-944,-4936,158,98,-768
13856,-15352,-1136,-5072,153,52,-729
13865,-15528,-1124,-4972,87,87,-702
13876,-15380,-1456,-4924,43,63,-648
13885,-15268,-1588,-5056,72,84,-562
13894,-15248,-1536,-5104,156,63,-469
13904,-15428,-1476,-4828,194,64,-360
13915,-15364,-1392,-4824,208,62,-307
13924,-15356,-1252,-4820,176,85,-232
13934,-15308,-1180,-4960,85,92,-230
13943,-15224,-1140,-5060,88,67,-237
13954,-15176,-1056,-4860,84,39,-235
13963,-15320,-1076,-4764,27,78,-237
13973,-15372,-1036,-5024,-56,64,-193
13982,-15440,-1296,-5048,-139,53,-155
13992,-15424,-1428,-4996,-104,69,-101
14003,-15384,-1436,-4924,16,58,-15
14012,-15452,-1212,-5040,70,69,66
14021,-15388,-1364,-4908,92,31,110
14030,-15312,-1224,-4824,47,37,145
14040,-15320,-1224,-4956,17,39,195
14049,-15300,-1172,-4856,-17,78,226
14059,-15288,-1032,-5020,-55,64,217
14068,-15452,-928,-4860,-81,38,210
14077,-15444,-988,-5028,-129,73,244
14088,-15412,-1124,-5052,-119,49,221
14097,-15444,-1156,-5100,-69,64,229
14107,-15356,-1100,-4948,-66,59,284
14116,-15500,-1140,-5108,-40,42,290
14127,-15420,-1084,-4948,-112,53,337
14136,-15400,-1132,-5008,-87,73,364
14146,-15304,-1212,-4972,-105,79,384
14155,-15396,-1060,-4984,-54,79,414
14166,-15268,-1016,-5044,0,51,442
14175,-15360,-1032,-4872,-67,56,434
14184,-15400,-868,-5008,-76,73,436
14193,-15268,-764,-5004,-144,83,431
14203,-15360,-904,-4984,-169,103,434
14213,-15324,-932,-4948,-163,100,419
14223,-15356,-944,-4920,-96,83,442
14232,-15412,-792,-4936,-47,82,443
14241,-15356,-864,-5064,-40,79,434
14251,-15332,-652,-4924,28,108,399
14260,-15352,-596,-4940,42,87,360
14269,-15364,-432,-4980,-7,95,317
14278,-15424,-460,-5124,-51,119,247
14288,-15364,-492,-5056,-84,116,164
14298,-15372,-452,-5076,-93,74,119
14307,-15416,-608,-5088,-80,81,81
14316,-15448,-692,-5004,-23,94,54
14325,-15456,-740,-5008,12,79,42
14333,-15404,-728,-5004,21,93,28
14343,-15400,-628,-4996,-8,84,23
14352,-15396,-668,-5004,-75,69,16
14361,-15356,-680,-4848,-75,80,-8
14370,-15356,-624,-4920,-103,97,-36
14380,-15312,-688,-4896,-112,71,-92
14389,-15372,-736,-5020,-121,87,-70
14399,-15368,-804,-4836,-100,100,-73
14408,-15424,-864,-4992,-77,69,-81
14417,-15276,-940,-4992,-41,64,-53
14428,-15488,-840,-5024,-12,44,-48
14437,-15164,-816,-4808,42,35,-98
14446,-15428,-864,-5244,61,62,-54
14455,-15080,-608,-4820,149,91,-140
14465,-15764,-888,-5216,-53,24,-54
14474,-15236,-516,-4616,-168,53,11
14483,-15436,-1220,-5076,-76,64,-80
14493,-15364,-672,-4888,-156,48,33
14502,-15380,-736,-4756,-183,38,11
14512,-15200,-1020,-4888,-68,29,-47
14521,-15524,-720,-4988,-16,36,38
14530,-15452,-800,-4984,-53,38,31
14539,-15316,-736,-5048,-60,36,25
14548,-15544,-740,-4888,-12,24,39
14558,-15344,-668,-4720,-40,20,67
14567,-15328,-724,-4824,-111,40,60
14576,-15416,-748,-5016,-173,21,65
14585,-15360,-696,-4988,-166,3,51
14595,-15372,-864,-4872,-124,6,53
14604,-15488,-888,-4888,-28,-27,58
14613,-15456,-676,-4884,-2,-13,68
14622,-15440,-632,-4976,-10,-15,61
14631,-15452,-604,-4772,-83,-30,79
14641,-15320,-644,-4860,-101,-23,29
14650,-15376,-688,-4848,-99,3,17
14659,-15484,-608,-5016,-178,-24,42
14669,-15448,-820,-4992,-181,-3,30
14679,-15412,-912,-4868,-158,-25,71
14688,-15376,-936,-4852,-85,-7,61
14697,-15352,-780,-4840,32,-8,59
14706,-15468,-592,-4892,38,-4,66
14714,-15432,-436,-4936,5,-20,44
14724,-15412,-440,-4720,-54,24,9
14732,-15368,-468,-4872,-63,14,-48
14742,-15540,-532,-5024,-90,12,-41
14751,-15480,-576,-4812,-91,-1,-43
14760,-15440,-604,-4848,-105,36,-86
14770,-15360,-692,-4796,-52,40,-96
14779,-15348,-496,-4928,-33,33,-102
14789,-15448,-528,-4772,-66,32,-119
14798,-15428,-552,-4884,-92,32,-165
14809,-15360,-752,-4968,-61,69,-164
14818,-15476,-668,-5000,-73,40,-193
14827,-15392,-636,-4872,-73,51,-185
14837,-15428,-816,-4780,-67,59,-160
14846,-15456,-692,-4868,-61,76,-183
14857,-15260,-736,-4924,-13,67,-159
14866,-15472,-612,-4896,14,72,-164
14875,-15496,-540,-4904,-36,80,-190
14885,-15416,-672,-5024,-50,92,-198
14895,-15580,-700,-4952,-54,77,-202
14904,-15436,-716,-5016,-49,79,-187
14914,-15384,-752,-4856,31,72,-160
14923,-15380,-620,-4824,25,69,-146
14932,-15400,-668,-4936,-13,99,-161
14942,-15380,-680,-4760,-34,84,-178
14952,-15428,-668,-4892,-32,89,-155
14961,-15408,-692,-4928,-39,83,-147
14971,-15356,-748,-4984,32,66,-156
14981,-15356,-644,-4888,38,90,-150
14990,-15424,-688,-4804,49,79,-178
14999,-15360,-680,-4776,32,66,-167
15008,-15324,-824,-4712,26,109,-165
15019,-15484,-672,-4960,-2,103,-181
15028,-15472,-620,-4972,-32,95,-155
15037,-15392,-804,-4844,-36,116,-137
15047,-15452,-780,-4988,-46,125,-139
15057,-15368,-652,-4968,-55,108,-152
15067,-15436,-860,-4968,-14,112,-168
15077,-15316,-628,-4920,-16,93,-164
15086,-15432,-796,-4868,-72,104,-166
15096,-15328,-700,-4776,-13,115,-210
15107,-15476,-616,-4868,-33,109,-210
15116,-15404,-608,-4860,-73,125,-207
15126,-15384,-724,-4944,-67,129,-246
15136,-15448,-848,-5044,-30,102,-203
15145,-15396,-768,-4936,-3,105,-206
15156,-15356,-876,-4932,61,94,-202
15165,-15428,-700,-4964,17,104,-194
15174,-15364,-692,-4828,72,97,-181
15183,-15372,-608,-4844,97,71,-192
15193,-15424,-700,-4820,93,68,-219
15203,-15456,-580,-4932,6,73,-224
15211,-15432,-700,-4980,5,100,-244
15221,-15376,-620,-4896,-18,88,-285
15230,-15456,-584,-4760,-9,105,-275
15240,-15452,-708,-4992,-47,102,-297
15250,-15376,-808,-4832,-26,75,-289
15259,-15312,-868,-4924,6,54,-306
15268,-15348,-904,-5032,46,91,-288
15278,-15492,-756,-4824,76,32,-270
15288,-15396,-732,-4916,80,59,-289
15297,-15360,-848,-5100,113,42,-283
15306,-15396,-784,-4976,130,32,-316
15315,-15428,-692,-4940,133,14,-311
15326,-15432,-804,-4780,152,28,-336
15335,-15408,-648,-4844,147,48,-358
15345,-15416,-700,-4956,49,53,-363
15354,-15416,-752,-4972,47,68,-340
15364,-15384,-980,-4816,32,42,-344
15373,-15444,-940,-4900,107,19,-344
15382,-15432,-1032,-4852,165,17,-287
15392,-15384,-908,-4784,233,10,-266
15403,-15320,-884,-4896,212,26,-264
15412,-15364,-708,-4736,212,26,-286
15421,-15288,-752,-4800,183,2,-292
15430,-15416,-832,-4888,142,11,-284
15440,-15396,-716,-4900,147,-1,-338
15450,-15308,-784,-4908,158,-9,-336
15460,-15408,-808,-4812,173,3,-329
15469,-15404,-848,-4896,140,26,-331
15478,-15480,-852,-4972,191,-10,-347
15489,-15424,-780,-4780,188,21,-323
15498,-15356,-992,-4868,209,23,-324
15508,-15372,-968,-4832,221,17,-340
15517,-15424,-880,-4844,198,38,-334
15526,-15448,-1068,-5024,148,32,-306
15537,-15408,-1172,-4956,182,-2,-314
15547,-15428,-1172,-4884,196,-3,-261
15556,-15284,-1104,-4740,231,-8,-233
15566,-15368,-888,-4820,211,-12,-235
15577,-15404,-844,-4956,156,-2,-249
15586,-15472,-952,-4864,148,22,-235
15595,-15424,-952,-4808,139,18,-236
15605,-15280,-832,-4828,143,16,-266
15614,-15568,-988,-5148,157,-9,-210
15625,-15408,-1112,-4844,162,11,-215
15634,-15380,-1108,-4812,214,-7,-236
15644,-15336,-1072,-4700,213,8,-199
15653,-15324,-1040,-4812,190,-17,-165
15664,-15284,-920,-4704,141,-30,-206
15674,-15404,-952,-4844,96,-21,-201
15683,-15320,-1116,-4832,47,0,-197
15692,-15268,-1012,-4792,114,17,-189
15703,-15420,-1136,-4904,145,-9,-149
15713,-15516,-1188,-4868,186,-8,-149
15722,-15492,-1140,-4728,193,-9,-106
15732,-15380,-1228,-4768,200,-18,-111
15742,-15576,-1000,-4868,194,-26,-78
15753,-15372,-1040,-4604,184,-11,-90
15762,-15408,-964,-4864,153,-9,-76
15771,-15456,-880,-4700,136,-4,-79
15780,-15392,-920,-4716,98,7,-74
15790,-15272,-932,-4680,117,16,-103
15799,-15448,-912,-4952,57,33,-107
15809,-15356,-932,-4740,13,5,-132
15818,-15316,-968,-4924,47,11,-142
15827,-15484,-968,-4816,20,34,-136
15837,-15348,-1036,-4796,17,14,-142
15846,-15456,-924,-4800,42,13,-137
15855,-15456,-1012,-4936,48,5,-115
15864,-15412,-1080,-4512,75,1,-131
15875,-15404,-916,-4904,124,29,-151
15884,-15308,-1032,-4664,48,27,-136
15893,-15536,-924,-4884,49,33,-130
15903,-15340,-924,-4588,35,46,-136
15912,-15436,-1056,-4768,47,11,-156
15922,-15452,-976,-4804,29,58,-151
15931,-15384,-1032,-4792,36,24,-140
15941,-15352,-976,-4772,25,43,-145
15950,-15496,-1112,-4776,-21,42,-133
15960,-15380,-1160,-4788,-14,38,-108
15970,-15420,-1088,-4748,23,60,-99
15979,-15432,-1084,-4884,23,67,-80
15988,-15352,-1100,-4764,39,43,-49
15997,-15428,-1084,-4652,19,72,-40
16008,-15344,-1020,-4712,17,53,-42
16017,-15440,-960,-4712,1,61,-67
16025,-15364,-1004,-4732,-13,85,-50
16035,-15272,-1060,-4788,26,54,-63
16045,-15408,-1028,-4720,18,66,-52
16054,-15428,-932,-4720,-56,80,-27
16063,-15500,-1180,-4740,-45,87,-22
16073,-15340,-1168,-4796,-12,70,7
16081,-15384,-1252,-4744,-18,81,46
16092,-15404,-1068,-4672,12,71,23
16101,-15508,-1028,-4764,33,55,49
16109,-15452,-948,-4684,-2,103,42
16118,-15468,-992,-4868,-26,70,29
16128,-15360,-1128,-4556,-20,105,16
