5,-15420,1536,-4472,-54,158,-61
8,-15516,1524,-4512,-49,142,-65
11,-15432,1500,-4448,-40,156,-50
16,-15504,1480,-4476,-9,145,-42
24,-15476,1492,-4516,9,159,-53
32,-15448,1528,-4328,29,136,-54
41,-15328,1552,-4360,0,151,-40
50,-15304,1552,-4576,32,130,-53
58,-15476,1468,-4520,-7,145,-60
67,-15400,1648,-4300,-9,160,-74
75,-15376,1532,-4400,-11,155,-54
84,-15488,1524,-4504,-4,140,-63
93,-15420,1568,-4520,-4,156,-48
101,-15444,1560,-4324,13,153,-63
110,-15484,1636,-4476,12,142,-37
119,-15356,1540,-4288,43,149,-60
128,-15380,1560,-4404,24,156,-44
137,-15344,1612,-4452,15,147,-41
146,-15392,1496,-4476,62,172,-51
154,-15400,1552,-4436,31,136,-36
163,-15480,1712,-4592,-17,151,-30
173,-15328,1476,-4308,-10,148,-51
182,-15392,1584,-4380,-46,132,-61
191,-15356,1624,-4540,-67,166,-17
199,-15360,1512,-4464,-30,128,-47
208,-15428,1592,-4560,-41,165,-29
218,-15352,1560,-4368,-18,148,-18
227,-15524,1576,-4592,-14,164,-2
236,-15404,1504,-4624,-8,160,-28
244,-15328,1544,-4308,21,144,4
253,-15372,1500,-4432,34,159,4
262,-15396,1552,-4448,0,142,-5
270,-15424,1540,-4532,-4,143,16
278,-15360,1492,-4484,12,146,-35
287,-15460,1596,-4440,23,150,-7
295,-15428,1588,-4608,26,135,12
305,-15448,1644,-4612,29,160,9
313,-15352,1620,-4408,56,141,-6
321,-15440,1684,-4444,49,156,-17
330,-15280,1632,-4524,26,134,-29
338,-15476,1620,-4388,-2,165,-27
348,-15356,1600,-4516,34,152,-32
357,-15228,1592,-4328,22,143,-47
365,-15404,1648,-4532,39,132,-45
374,-15440,1636,-4356,40,142,-17
382,-15396,1612,-4360,6,164,-54
392,-15320,1580,-4524,17,158,-47
400,-15388,1632,-4408,2,128,-43
409,-15388,1708,-4524,24,153,-37
417,-15392,1536,-4448,42,143,-47
427,-15424,1616,-4568,51,128,-50
436,-15464,1576,-4488,37,121,-71
444,-15372,1564,-4528,40,124,-53
453,-15384,1644,-4352,23,126,-38
462,-15420,1576,-4536,19,152,-72
471,-15416,1660,-4612,20,162,-62
480,-15368,1636,-4428,23,130,-76
489,-15296,1660,-4588,8,142,-96
497,-15456,1656,-4668,0,133,-86
505,-15416,1632,-4384,-12,133,-125
515,-15424,1676,-4380,-1,136,-139
524,-15472,1556,-4512,6,129,-119
533,-15288,1532,-4632,28,120,-117
542,-15420,1544,-4544,26,120,-131
551,-15408,1724,-4484,41,134,-117
561,-15360,1692,-4584,29,113,-154
570,-15392,1760,-4400,-31,135,-162
579,-15392,1692,-4560,-58,120,-172
588,-15388,1580,-4604,-78,166,-207
598,-15416,1540,-4372,-51,124,-208
607,-15272,1668,-4568,-73,151,-204
616,-15388,1484,-4420,-98,181,-214
625,-15476,1612,-4496,-99,175,-211
634,-15456,1544,-4572,-91,171,-205
645,-15332,1556,-4356,-85,181,-227
654,-15376,1608,-4552,-71,181,-238
663,-15288,1592,-4432,-69,194,-234
672,-15448,1792,-4356,-148,241,-273
681,-15264,1708,-4440,-259,238,-285
692,-15324,1804,-4368,-372,294,-295
701,-15388,1844,-4308,-492,364,-337
711,-15332,1752,-4404,-579,357,-384
720,-15284,1656,-4404,-637,402,-389
730,-15384,1628,-4356,-646,409,-417
740,-15392,1424,-4360,-637,399,-457
749,-15416,1548,-4580,-604,439,-464
759,-15504,1560,-4428,-553,463,-457
769,-15296,1580,-4480,-495,460,-470
778,-15260,1616,-4440,-560,496,-465
788,-15276,1700,-4532,-632,522,-491
797,-15404,1744,-4544,-699,557,-510
807,-15296,1792,-4460,-784,603,-555
817,-15356,1608,-4424,-832,629,-575
826,-15488,1672,-4668,-913,631,-603
836,-15460,1664,-4600,-1119,632,-669
845,-15472,1900,-4432,-1321,646,-764
856,-15296,1848,-4344,-1411,675,-837
866,-15236,1788,-4280,-1481,744,-881
875,-15300,1584,-4480,-1506,773,-943
885,-15400,1496,-4612,-1503,791,-948
896,-15360,1688,-4832,-1506,785,-1012
906,-15332,1632,-4736,-1425,790,-1075
915,-15376,1452,-4488,-1305,824,-1068
925,-15376,1484,-4668,-1178,837,-1051
935,-15340,1588,-4504,-1089,849,-1062
946,-15252,1468,-4732,-1049,913,-1065
956,-15248,1360,-4576,-992,948,-1067
966,-15420,1188,-4720,-912,967,-1053
975,-15368,1364,-4816,-874,976,-1080
986,-15252,1304,-4676,-876,1021,-1047
996,-15312,1336,-4732,-904,1032,-1038
1006,-15304,1212,-4768,-917,1023,-1049
1016,-15316,1380,-4696,-984,1070,-1069
1027,-15320,1376,-4792,-1149,1098,-1047
1038,-15316,1564,-4732,-1370,1114,-1077
1048,-15300,1452,-4788,-1562,1149,-1100
1058,-15308,1276,-4680,-1758,1188,-1097
1070,-15396,1164,-4912,-1995,1188,-1123
1080,-15304,1096,-4804,-2089,1168,-1135
1091,-15372,932,-4792,-2131,1183,-1124
1101,-15440,836,-5192,-2204,1136,-1064
1112,-15400,820,-5036,-2064,1127,-1045
1122,-15364,692,-5156,-1919,1097,-966
1132,-15384,880,-5208,-1832,1095,-944
1142,-15292,892,-5052,-1808,1101,-902
1153,-15288,824,-5212,-1722,1094,-871
1163,-15348,1096,-5140,-1773,1028,-863
1173,-15284,1132,-5012,-1801,1038,-874
1183,-15220,1332,-5460,-2110,1025,-902
1193,-15120,1716,-5044,-2425,953,-1114
1204,-15292,1472,-4916,-2581,978,-1329
1214,-15384,1532,-4948,-2569,1018,-1394
1225,-15336,1632,-5040,-2485,1083,-1428
1235,-15208,1428,-5252,-2412,1169,-1442
1247,-15216,1140,-5400,-2242,1156,-1460
1257,-15280,996,-5508,-2000,1108,-1482
1267,-15336,1028,-5632,-1853,1075,-1484
1278,-15220,1064,-5528,-1793,1043,-1490
1289,-15212,948,-5120,-1723,1075,-1496
1299,-15336,888,-5120,-1734,1107,-1459
1309,-15348,852,-5220,-1760,1149,-1437
1320,-15336,856,-5240,-1888,1187,-1416
1331,-15248,664,-5440,-1984,1201,-1445
1341,-15140,488,-5152,-1921,1185,-1448
1351,-15252,344,-5704,-1774,1166,-1406
1361,-15212,444,-5628,-1579,1175,-1292
1372,-15204,468,-5540,-1405,1182,-1211
1382,-15220,492,-5532,-1238,1198,-1128
1393,-15120,160,-5600,-959,1182,-1052
1403,-15256,-72,-5680,-682,1173,-885
1413,-15240,56,-5372,-333,1153,-831
1423,-15208,216,-5368,-92,1182,-755
1432,-15104,364,-5624,22,1149,-630
1441,-15400,616,-5624,-29,1128,-679
1452,-15336,968,-5832,-200,1151,-747
1461,-15084,760,-5896,-331,1190,-663
1471,-15224,272,-6016,-247,1164,-623
1480,-15368,-68,-6284,47,1053,-542
1490,-15280,324,-6232,282,986,-466
1500,-15192,512,-6244,400,928,-483
1509,-15168,580,-6220,448,908,-481
1518,-15228,368,-6284,509,879,-318
1527,-15140,-368,-6072,683,870,-171
1538,-15412,-600,-6052,1155,754,11
1547,-15416,304,-6400,1347,593,114
1556,-15168,1008,-6260,1140,550,8
1565,-15044,1196,-6384,742,548,-17
1574,-15092,1108,-6452,494,502,-36
1584,-15332,708,-6516,398,380,-106
1593,-15296,-132,-6580,794,207,-101
1603,-15112,192,-6280,1233,103,-40
1612,-15004,656,-6080,1612,53,-34
1622,-15168,1148,-6376,1739,25,-71
1631,-15008,1380,-6416,1527,-7,-157
1640,-15068,1368,-6044,1283,5,-304
1649,-15144,964,-5992,1278,23,-430
1658,-15156,552,-5844,1479,-17,-436
1669,-15280,392,-5868,1715,-45,-416
1678,-15116,588,-6064,1807,-99,-462
1688,-15124,1188,-5864,1737,-86,-557
1697,-15196,1520,-5980,1321,-113,-681
1708,-15140,1444,-5952,832,-109,-892
1718,-15112,1048,-5948,504,-145,-1103
1728,-15164,556,-5924,394,-213,-1220
1737,-15164,480,-5812,484,-220,-1276
1747,-15112,784,-5912,584,-250,-1385
1758,-15168,848,-5840,612,-269,-1476
1767,-15124,884,-6120,548,-289,-1633
1777,-15000,860,-5916,594,-303,-1794
1787,-15020,988,-5632,722,-295,-1953
1797,-15136,1208,-5588,570,-263,-2178
1807,-15236,1156,-6172,319,-259,-2371
1817,-14972,1208,-5772,-31,-209,-2573
1827,-14948,296,-5932,-141,-161,-2727
1838,-14860,60,-5788,40,-200,-2776
1847,-15040,-96,-5996,244,-216,-2807
1857,-15368,288,-5952,374,-310,-2855
1866,-15284,128,-6348,384,-347,-3005
1876,-15252,428,-6472,464,-473,-3122
1887,-15156,124,-6680,493,-576,-3271
1896,-15328,-140,-6340,835,-729,-3409
1906,-15252,208,-6600,1001,-906,-3523
1916,-15348,704,-6396,1107,-1057,-3817
1927,-15252,1584,-6672,914,-1172,-4100
1937,-15452,916,-5960,792,-1255,-4564
1947,-15320,736,-5984,662,-1320,-4958
1957,-15316,2012,-4984,224,-1435,-5575
1968,-14696,1116,-7176,1548,-1598,-5817
1979,-14660,1188,-5680,1630,-1664,-6376
1989,-15240,1280,-6172,1695,-1731,-6997
2000,-15660,1772,-6236,2081,-1935,-7795
2011,-15984,2340,-6592,2075,-2061,-8624
2021,-16468,3056,-6792,1718,-2428,-9622
2032,-17584,2840,-6328,1534,-2654,-10570
2042,-18560,3036,-5880,1125,-2939,-11748
2054,-20100,1884,-6036,115,-3170,-12658
2064,-20192,-1376,-4464,-758,-3032,-13096
2075,-19544,-6796,-6684,-1121,-3854,-11940
2087,-17752,-3028,-6056,-1975,-4274,-10488
2099,-15948,-684,-2416,-3101,-3699,-10082
2110,-14420,-6760,-3236,-5193,-2623,-9460
2121,-13524,-4240,-1816,-4041,-2701,-5103
2131,-11316,4492,-1964,-5822,-1605,-1226
2143,-10272,8504,-4764,-10605,-101,1567
2154,-10540,8124,-6988,-15012,1045,3740
2164,-12352,5212,-7936,-17404,1350,5620
2174,-13748,2224,-7316,-17579,1193,7750
2186,-14356,-500,-6764,-15481,878,9773
2196,-14768,-2852,-6892,-11877,331,11912
2207,-15424,-3552,-6424,-7073,-323,13983
2217,-16504,-3028,-6792,-2480,-412,15610
2229,-17904,-2244,-6632,1582,-828,16246
2239,-18160,-2844,-4724,4904,-745,15913
2250,-16684,-1472,-4808,6437,-584,15746
2260,-15872,-28,-3272,6918,-507,15381
2271,-15740,668,-1736,6389,-295,14788
2281,-16092,1500,-1796,5100,-177,14397
2291,-15900,2392,-1492,3121,-298,13789
2301,-15880,2428,-1640,1012,-410,13043
2312,-16220,2048,-1472,-791,-464,12467
2323,-16416,1804,-2012,-2221,-524,11981
2333,-16268,1896,-2604,-3197,-730,11745
2343,-15944,2008,-3376,-4234,-1017,11618
2355,-15140,2172,-3148,-5117,-1363,11171
2366,-14884,1092,-3252,-5876,-1518,10639
2376,-15048,656,-3680,-6067,-1515,10139
2387,-15572,552,-4148,-5882,-1484,9755
2398,-15912,964,-4772,-5402,-1429,9502
2408,-15916,1504,-5056,-4910,-1589,9227
2419,-15732,1616,-4924,-3955,-1727,8665
2429,-15244,800,-4232,-2844,-1795,8046
2440,-14960,248,-4652,-1852,-1662,7616
2450,-14840,504,-5148,-1091,-1626,7287
2460,-14404,752,-5284,-607,-1539,6762
2470,-14156,556,-4836,9,-1309,6227
2480,-14092,520,-4904,420,-999,5811
2490,-13984,556,-5248,963,-733,5375
2499,-13804,492,-5216,1436,-606,4899
2509,-13808,604,-5540,1641,-484,4247
2520,-13628,876,-5868,1507,-472,3439
2529,-13328,1004,-5780,799,-487,2333
2539,-12956,392,-5716,-24,-298,930
2548,-13152,-328,-6192,-828,-29,-416
2558,-13672,-888,-6308,-1343,288,-2023
2569,-14168,-1944,-6732,-1839,742,-3920
2579,-14408,-3372,-7336,-2152,1107,-6152
2590,-15980,-4504,-8068,-1014,710,-7999
2600,-17280,3904,-7296,1479,-390,-6731
2611,-16752,12724,-4904,1366,-293,-4654
2622,-17356,14436,-1504,-674,390,-4576
2632,-18852,8528,344,-3568,1308,-6484
2642,-19584,828,-268,-4253,1748,-8615
2653,-18852,-1772,-2260,-2369,1882,-9298
2663,-16700,-608,-3260,-1076,2014,-9016
2674,-15100,332,-4220,-1247,2228,-8541
2684,-14432,284,-5096,-1483,2610,-8415
2695,-14808,-356,-6928,-980,2976,-8402
2705,-15188,-1132,-8856,1,2916,-8300
2715,-15280,-1880,-9708,985,2640,-7985
2725,-15644,-2288,-8748,2468,1981,-7506
2737,-14856,-1728,-6184,4169,1395,-7008
2747,-14404,-448,-4496,4652,1147,-6452
2757,-15628,384,-3012,4403,1160,-6357
2767,-16440,872,-2676,3818,1379,-6473
2778,-16388,1488,-3704,2136,1559,-6473
2788,-15680,1708,-3940,352,1825,-6592
2798,-14992,904,-4756,-1115,2024,-6724
2808,-15132,72,-5892,-2201,1918,-6569
2819,-15280,-440,-6244,-2184,1731,-6424
2829,-15560,-1316,-6332,-1544,1477,-6165
2840,-15536,-1812,-6720,-274,1136,-5831
2851,-15352,-1304,-6684,1072,669,-5652
2862,-15436,-1064,-6100,1935,443,-5473
2872,-15512,-960,-5352,2579,291,-5395
2882,-15716,-744,-4880,2790,271,-5423
2892,-15788,-224,-4340,2734,339,-5487
2903,-15164,160,-4356,1786,667,-5563
2912,-14832,-500,-4756,1058,940,-5408
2922,-15396,-808,-4828,1346,869,-5572
2932,-15476,-972,-4564,1808,906,-5587
2942,-15028,-956,-5332,2248,934,-5508
2953,-15008,-372,-6140,2764,814,-5585
2963,-14772,564,-5992,2834,923,-5560
2972,-14880,996,-6652,2856,860,-5645
2982,-15040,584,-6000,2570,723,-5877
2993,-15176,160,-5832,2532,733,-6140
3002,-15244,720,-5528,2299,812,-6309
3012,-15372,1240,-6120,2019,828,-6533
3022,-15752,1708,-5460,1412,1001,-6800
3033,-16252,720,-6420,938,998,-7103
3042,-16300,-1000,-6152,1046,841,-7408
3053,-16312,-1928,-6460,1724,772,-7645
3063,-16792,-1956,-6704,2291,640,-7686
3074,-16672,-1440,-6088,2846,557,-7919
3084,-16744,-1276,-6112,3192,420,-8381
3094,-17172,-512,-5232,3412,266,-8969
3104,-17296,392,-5000,3405,90,-9703
3113,-17420,680,-4996,3242,21,-10316
3124,-17736,-908,-4824,2679,-49,-10751
3134,-17256,-2712,-3980,2766,17,-11112
3144,-17444,-4392,-3860,2953,-129,-11207
3155,-17744,-4280,-3636,3394,-198,-11456
3167,-17648,-3912,-4192,3880,-108,-11505
3177,-17620,-2728,-4984,4399,-307,-11871
3188,-17088,-1876,-5228,4184,-333,-12330
3200,-16360,-2112,-5140,3680,-471,-12836
3210,-16264,-3400,-4504,3846,-471,-13190
3221,-15108,-4104,-3528,4854,-493,-13410
3232,-14732,-4948,-3720,5816,-531,-13505
3243,-14168,-6340,-2380,7114,-527,-13657
3254,-14016,-7696,-1964,8607,-651,-13729
3265,-13804,-7220,-1080,10125,-809,-13559
3276,-14000,-5284,-1404,11384,-1200,-13513
3288,-13132,-8016,-1456,11376,-1131,-13072
3299,-13896,-10576,-2200,11216,-1353,-12508
3310,-15072,-10064,-3300,12199,-1430,-11395
3322,-15716,-8032,-5476,10986,-1469,-10592
3334,-14860,-5468,-7544,8130,-1776,-10123
3345,-14716,-4160,-10176,3966,-2419,-9914
3356,-14972,-4252,-10572,-1273,-2694,-9955
3367,-12456,-7816,-9576,-5509,-2562,-10152
3379,-11208,-12464,-8988,-7589,-1823,-10453
3391,-11348,-16564,-8108,-6403,-1164,-10003
3402,-11424,-16764,-6308,-3023,-673,-8556
3414,-11380,-14764,-5724,656,-254,-6477
3424,-11040,-11036,-4636,4098,-77,-3582
3435,-10584,-6116,-4156,6059,246,-427
3445,-10704,-2188,-3748,5891,789,2177
3456,-10884,304,-2712,4557,1697,4052
3465,-11068,1272,-2564,2884,2655,5566
3475,-11492,1356,-2584,955,3606,6928
3485,-12336,-516,-2748,-762,4392,7911
3495,-13040,-2252,-3576,-1661,4776,9157
3506,-13324,-3104,-3336,-1410,4788,10591
3517,-13244,-3428,-3048,-766,4783,12018
3527,-13332,-4044,-2632,137,4689,13348
3537,-14156,-4116,-2856,1162,4451,14488
3549,-14396,-4368,-2788,2317,4043,15670
3559,-14972,-4128,-2440,3325,3633,16739
3570,-14972,-3896,-2152,3859,3192,17823
3580,-14980,-3440,-1680,3978,2753,18762
3591,-15760,-3076,-1580,3591,2402,19443
3602,-15792,-2912,-1232,2554,2141,20115
3612,-16284,-2416,-1220,1594,1754,20661
3623,-16900,-2208,-1464,173,1421,21000
3634,-16648,-2488,-1460,-1414,1077,21338
3644,-17172,-2720,-1604,-2875,718,21676
3655,-17904,-3392,-1652,-4232,434,21873
3665,-18088,-4132,-2004,-5007,206,22168
3677,-18092,-4444,-2784,-5315,-128,22424
3687,-17908,-4492,-3016,-5377,-530,22647
3698,-17168,-3800,-3184,-5447,-858,22589
3709,-16736,-3500,-2932,-5804,-948,22105
3720,-17080,-4000,-3100,-6266,-859,21569
3731,-17624,-4892,-3644,-6066,-814,21083
3742,-17832,-5112,-4068,-5369,-817,20686
3752,-17780,-5148,-4040,-4758,-878,20328
3764,-17344,-4068,-4404,-3761,-1106,19818
3775,-17216,-2932,-4400,-2939,-1286,18928
3786,-16948,-2640,-4000,-2266,-1141,17876
3798,-16620,-2524,-4640,-1801,-815,16975
3808,-16200,-1680,-4916,-1916,-775,16105
3819,-15824,-2044,-4364,-1393,-601,14831
3830,-15480,-2164,-4332,-1345,-343,13809
3841,-15252,-2124,-4356,-915,-51,12784
3852,-15032,-1720,-4312,-502,101,11781
3862,-15028,-1340,-4504,-1,177,10965
3871,-14996,-736,-4588,224,259,10051
3881,-14912,-356,-4560,651,298,9037
3891,-14400,-152,-3936,593,259,7944
3901,-14184,-300,-3572,739,416,6668
3910,-14364,-304,-3808,277,614,5672
3920,-14504,-248,-4132,-86,584,4589
3930,-14148,-144,-4008,-388,547,3415
3940,-13740,-336,-3944,-950,607,2247
3949,-13836,-700,-4624,-1576,620,1103
3959,-13768,-1024,-4296,-1820,669,-149
3970,-14212,-1284,-4704,-2128,836,-1267
3981,-14892,-68,-5728,-2655,835,-2341
3991,-13792,-596,-5372,-3057,932,-4116
4001,-13524,-1456,-5744,-2986,1132,-5468
4012,-13496,-1692,-5948,-3205,1308,-6887
4023,-13716,-2364,-5868,-3029,1556,-8217
4034,-14308,-2224,-6336,-3096,1634,-9157
4044,-17052,-916,-6336,-2003,698,-9382
4056,-18232,4728,-4204,-520,-384,-7624
4066,-17756,11888,-2464,-235,-792,-5580
4076,-18888,13316,468,-1874,-717,-5406
4086,-18236,9484,3076,-2830,-97,-7096
4097,-18940,2060,3340,-4315,1621,-9117
4107,-18948,-2040,628,-4219,3153,-10516
4118,-17928,-2084,-2380,-2935,3827,-10253
4129,-15952,-44,-5984,-3616,4261,-9499
4140,-14504,-620,-9188,-5662,4682,-9003
4150,-13340,-2912,-11880,-7959,5585,-9072
4161,-15972,-6068,-13760,-5854,4790,-9448
4172,-17668,-5616,-10996,-1012,2230,-8931
4184,-16596,-4644,-6044,3425,782,-8014
4194,-16680,-6284,-5580,6621,37,-7528
4204,-17096,-6036,-4212,9660,-749,-6715
4215,-16060,-2820,-3364,12678,-953,-6305
4226,-15264,1684,-2388,11654,-632,-6361
4237,-14876,5532,-936,7064,674,-6666
4246,-14776,6940,-2144,973,1978,-7135
4256,-14780,6436,-4288,-4475,2656,-7636
4268,-14584,3012,-6432,-7354,2807,-8134
4278,-14828,-1428,-7316,-8028,2442,-8146
4289,-15324,-4868,-7188,-5198,1829,-7809
4299,-15388,-6860,-7180,-1063,1302,-6814
4311,-15772,-6176,-6168,2929,751,-5777
4321,-15808,-2268,-4144,4999,622,-5266
4331,-15404,960,-3708,3850,945,-4946
4341,-15160,1888,-3636,1443,1344,-5111
4352,-15108,984,-3956,-324,1537,-5664
4362,-15248,-348,-3852,-1194,1726,-5954
4372,-15316,-2092,-4592,-1285,2009,-5911
4383,-15836,-3868,-5464,305,1878,-5514
4393,-16016,-4316,-5624,2193,1682,-4993
4405,-15484,-3544,-6124,3721,1566,-4573
4415,-15276,-1640,-5776,4165,1480,-4440
4425,-15300,748,-5504,3611,1543,-4641
4435,-15832,784,-5460,2922,1528,-5043
4446,-16412,-376,-5028,2384,1409,-5557
4456,-16172,-1548,-4908,2505,1290,-5915
4467,-15832,-1636,-5656,2836,1168,-6171
4477,-15536,-1672,-5856,3232,1136,-6478
4489,-15576,-2324,-5740,3665,996,-6635
4499,-16028,-2244,-6152,3795,795,-6549
4509,-16032,-1288,-4960,3845,728,-6874
4519,-16120,-1836,-6332,3476,559,-7017
4530,-15724,-2600,-4840,3248,564,-7195
4540,-15824,-3220,-4908,3504,470,-7380
4551,-16348,-3060,-5032,3545,411,-7416
4561,-16400,-2596,-5340,3498,335,-7530
4572,-16296,-3060,-5420,3055,286,-7638
4582,-16216,-3740,-5052,3176,248,-7801
4592,-16312,-3844,-5008,3634,150,-7951
4602,-16656,-3072,-5304,3772,1,-8110
4613,-16380,-2128,-4816,3571,-89,-8464
4623,-16496,-2916,-5552,3198,-238,-8851
4634,-16304,-2580,-5200,3500,-336,-9308
4644,-15736,-2968,-5172,3572,-322,-9715
4655,-15296,-4096,-4708,3530,-283,-9984
4666,-14932,-4492,-4276,4151,-143,-10251
4676,-14572,-4716,-4440,4736,-32,-10473
4687,-15100,-3904,-4544,5545,-7,-10801
4698,-14960,-4960,-3884,6506,145,-11202
4708,-15500,-5404,-4492,7807,117,-11598
4719,-16116,-3888,-5564,9151,-182,-11654
4730,-15880,-2592,-5680,9375,-143,-12074
4741,-16524,-2884,-6172,8613,-192,-12430
4752,-17512,-3912,-5812,8236,-160,-12610
4763,-18872,-4340,-6500,8107,-452,-12585
4773,-19856,-4216,-7144,7308,-897,-12179
4785,-19896,-4008,-7472,5255,-1198,-11559
4796,-17664,-4256,-7124,2818,-1173,-11205
4807,-13872,-6808,-6760,1122,-873,-10978
4817,-12136,-10012,-6136,651,-551,-10900
4829,-11008,-14784,-6072,727,-348,-10587
4840,-10276,-18864,-6404,548,-254,-9611
4850,-11844,-15356,-5628,3217,-352,-7139
4861,-10264,-8088,-4484,6205,-477,-3758
4872,-8560,-3944,-3236,7590,-233,-985
4882,-7744,-2160,-2640,7195,157,1467
4892,-7652,-1536,-1884,6244,631,3788
4901,-8340,-1160,-2004,4679,1161,5515
4912,-10144,-2212,-1628,3746,1521,6996
4922,-11368,-2496,-1660,2535,1591,8663
4933,-11944,-2380,-1716,1501,1582,10241
4943,-12360,-2340,-1912,-303,1504,11641
4954,-12776,-2748,-1868,-2519,1429,12862
4965,-12912,-2748,-1832,-4644,1469,13849
4976,-13228,-3128,-1928,-6325,1542,14521
4986,-13748,-3944,-2592,-7263,1528,15200
4998,-14660,-5344,-3632,-7074,1329,15804
5009,-15040,-6160,-4580,-6313,743,16544
5019,-15584,-7220,-5512,-4884,-20,17162
5030,-15856,-6800,-5756,-3441,-687,17798
5041,-15584,-6472,-5288,-2246,-943,18231
5052,-15596,-5472,-4804,-1389,-874,18481
5063,-16148,-5312,-4868,-1111,-508,18335
5073,-15836,-5184,-4776,-1432,-104,18212
5085,-16292,-4856,-4708,-2038,164,17986
5095,-16628,-4440,-3748,-2751,364,17653
5106,-16948,-4692,-3900,-2871,487,17183
5116,-17268,-5108,-4160,-2860,449,16858
5127,-17176,-5156,-3956,-2627,385,16639
5138,-16928,-4692,-3980,-2565,467,16437
5148,-16652,-3916,-4172,-2696,450,16171
5159,-16836,-2928,-4040,-2977,503,15725
5170,-16932,-2632,-4156,-3405,610,15311
5181,-16536,-2448,-4300,-3816,626,14856
5191,-16900,-2636,-4060,-3926,738,14394
5201,-17544,-2912,-4384,-4008,611,13882
5213,-16672,-2828,-4576,-4041,681,13216
5223,-16852,-3376,-4272,-3940,517,12596
5234,-16780,-3260,-4184,-3757,403,11977
5244,-16532,-2872,-3852,-3696,221,11328
5255,-16060,-2744,-3512,-3717,199,10693
5266,-15988,-2908,-3628,-3916,193,10089
5276,-15936,-3144,-3180,-3937,411,9580
5286,-15976,-3376,-3816,-3896,460,9244
5298,-15636,-2256,-3904,-3869,299,8922
5308,-15584,-1468,-3808,-3871,109,8351
5318,-15256,-1084,-3932,-4264,63,7630
5328,-15356,-1276,-4036,-4683,75,6830
5339,-15060,-1508,-4100,-5132,111,5873
5349,-15300,-2048,-4332,-5607,168,4957
5359,-15632,-1908,-4596,-5964,140,4189
5369,-15376,-1668,-4564,-6187,46,3462
5380,-14884,-1572,-4420,-6382,98,2765
5390,-14528,-1892,-4764,-6347,162,2186
5400,-14372,-2232,-4912,-6046,356,1507
5410,-14488,-2828,-4884,-5431,528,1015
5421,-14464,-2228,-5016,-4667,584,788
5431,-14292,-1704,-4776,-4111,539,557
5441,-14100,-908,-4816,-3622,507,309
5451,-14124,180,-5372,-3482,497,-142
5462,-13412,712,-4876,-4014,752,-836
5471,-13288,376,-5124,-4938,1157,-1605
5481,-13652,60,-4808,-5158,1419,-2215
5491,-13532,276,-4876,-5434,1483,-2885
5501,-13576,236,-4840,-5652,1400,-3406
5513,-13076,724,-4296,-5940,1418,-4031
5523,-13232,728,-4448,-6794,1306,-5060
5533,-14128,44,-3668,-7609,1080,-6690
5543,-15256,-276,-3040,-7229,892,-7307
5554,-16564,4872,-2064,-5549,633,-6081
5564,-19052,10568,-384,-3012,573,-4830
5574,-20376,10404,2816,-1342,1008,-4784
5585,-18608,3960,4392,-562,1967,-5947
5596,-17396,-1940,992,521,3765,-6808
5605,-16764,-1664,-4700,1524,5713,-6996
5616,-14480,948,-12220,-511,7428,-7217
5626,-16100,-1584,-18124,-1358,5522,-8614
5638,-17272,-5212,-10228,1358,3164,-9560
5648,-17516,-5444,-4560,5605,3127,-9014
5659,-19020,-3844,-5776,7162,2696,-8316
5669,-17448,-1272,-1708,6248,2576,-7796
5681,-16216,-876,-4656,3852,2558,-7372
5691,-15904,1072,-2696,1541,2494,-7534
5701,-16272,-2176,-5816,4,2161,-7228
5711,-16140,-6336,-6288,617,1979,-6366
5722,-15424,-7492,-7596,2235,1754,-4943
5732,-15508,-4452,-6052,2808,1461,-3638
5742,-16176,-1708,-6472,2751,1207,-2975
5753,-15444,-3124,-6560,1996,1053,-2390
5764,-15256,-3020,-5488,2035,922,-1886
5774,-15988,-2592,-5116,2047,753,-1481
5785,-15940,-1940,-5328,1999,713,-1020
5795,-15492,-1576,-5180,1864,609,-788
5806,-15828,-844,-5128,1789,491,-668
5815,-15348,-556,-5128,1694,478,-592
5825,-15064,-628,-5696,1408,456,-588
5835,-15192,-608,-5568,1278,421,-562
5844,-14696,-356,-5156,1266,407,-555
5855,-14524,-492,-5276,1264,464,-673
5865,-14928,72,-5224,1146,419,-770
5874,-14668,-388,-5580,837,464,-851
5883,-14360,-1128,-5232,743,480,-948
5894,-14384,-1828,-5164,919,440,-889
5903,-14844,-2228,-5208,823,269,-771
5913,-14328,-2236,-4124,814,210,-806
5923,-13104,-1708,-4684,867,267,-869
5933,-12948,-1244,-5444,624,348,-961
5943,-13552,-960,-5536,458,293,-1180
5953,-14612,-908,-6112,319,74,-1430
5962,-14444,-468,-5348,375,-136,-1949
5972,-14120,-424,-5380,232,-353,-2486
5983,-15164,1592,-5608,112,-503,-3083
5993,-14892,3100,-4768,-68,-413,-3974
6003,-15292,2788,-4720,-407,-435,-4852
6013,-17184,3224,-5892,-996,-712,-5678
6024,-18444,3596,-6436,-1757,-963,-6468
6034,-18876,2760,-6508,-2456,-687,-6651
6045,-17192,52,-6132,-3022,-443,-6381
6055,-16788,-3532,-5896,-3320,-595,-6014
6066,-15704,-5180,-4864,-2222,-705,-5039
6077,-14228,-5720,-4640,-2224,-671,-3873
6088,-14316,-6004,-4268,-1691,-494,-3157
6098,-14020,-5636,-4244,-1126,-188,-2187
6110,-13860,-3804,-4160,-445,52,-1134
6120,-13980,-3184,-3896,213,264,44
6129,-14488,-2092,-4132,658,137,1371
6139,-15836,48,-4548,852,-206,2531
6149,-16320,1524,-4392,701,-436,3267
6158,-16856,1828,-4980,107,-436,3621
6168,-17184,1616,-5388,-245,-414,3694
6178,-16740,1524,-5640,-641,-383,3575
6189,-15500,676,-4992,-875,-271,3591
6199,-14912,188,-5036,-1133,-234,3787
6208,-14304,96,-4332,-954,-83,3820
6218,-13704,-36,-3788,-703,362,3894
6227,-13600,-412,-4288,-780,904,3764
6238,-13992,-2240,-5048,-1074,1456,2851
6248,-13880,-5728,-6424,-1021,1730,1606
6258,-12556,-9244,-5920,-1353,2191,-279
6269,-12252,-14560,-6232,-1376,2432,-2783
6281,-10936,-9524,-2868,4168,1430,-1756
6291,-8876,396,-2780,5187,2349,-326
6301,-14376,3008,-8064,3210,2163,-1116
6311,-19720,6280,-4348,1488,2358,-2193
6322,-22500,4188,-6632,-642,2381,-2868
6332,-19976,-1276,-3960,-1692,2176,-3458
6343,-15648,-4288,-4264,-1311,2415,-3511
6353,-13964,-6120,-5008,-202,2559,-2772
6365,-14168,-5908,-6352,1077,2536,-1917
6375,-15004,-5204,-7020,2046,2493,-1236
6386,-15792,-3528,-6560,2450,2105,-621
6396,-15780,-3188,-7436,1694,1934,-351
6407,-15800,-2664,-7176,1034,1481,6
6416,-16208,-2544,-7296,510,1218,178
6426,-15600,-3076,-6928,86,890,388
6435,-14856,-3844,-6888,-54,679,625
6446,-14984,-3744,-6860,309,445,992
6455,-15332,-3856,-7036,510,291,1440
6465,-15144,-3420,-6812,791,117,1779
6474,-15056,-2140,-6512,1033,35,2021
6484,-15380,-1188,-6372,823,-29,2055
6495,-15172,-792,-6176,399,-81,1945
6504,-14964,-352,-6300,293,-137,1769
6514,-15136,-480,-7140,3,-203,1636
6523,-15320,-876,-7124,-124,-362,1575
6534,-14948,-804,-6452,342,-399,1470
6543,-14832,-520,-6456,604,-415,1348
6553,-15128,-384,-6076,687,-388,1192
6563,-14876,80,-5632,658,-397,925
6572,-14784,36,-5708,462,-367,648
6581,-14596,-312,-5660,298,-257,445
6591,-14716,-252,-5600,244,-269,181
6600,-14792,380,-5984,47,-229,-124
6609,-14760,64,-5984,-126,-275,-487
6620,-14840,-260,-5732,-62,-292,-859
6629,-15480,-360,-6344,343,-350,-1164
6639,-16260,-628,-6264,869,-347,-1259
6649,-16680,-1360,-6352,1034,-441,-1419
6661,-16348,-1388,-6112,1437,-631,-1579
6671,-15752,-1540,-6480,1393,-726,-1660
6681,-14944,-2176,-6408,899,-876,-1735
6691,-14092,-2744,-6196,1037,-1043,-1718
6703,-13980,-3728,-6228,928,-1229,-1553
6714,-14484,-3068,-6336,627,-1539,-1341
6724,-15616,-1696,-5492,350,-1629,-1242
6734,-16536,-1084,-6096,-415,-1731,-1268
6746,-16852,-332,-5728,-1175,-1912,-1460
6757,-16512,-476,-5548,-2217,-1976,-1628
6767,-16128,-1164,-5748,-3224,-2046,-1848
6778,-16552,-1436,-5800,-3572,-2123,-2003
6790,-16036,-1584,-5940,-3974,-2096,-1753
6801,-15460,-1324,-5676,-4358,-2044,-1577
6812,-14680,-2268,-5384,-4185,-1539,-1514
6823,-13916,-3684,-5288,-3143,-792,-1032
6835,-13672,-4528,-5400,-1210,-253,-61
6845,-13528,-3528,-5168,997,-66,919
6854,-13724,-2612,-4772,2551,-135,1952
6864,-13112,-284,-4312,3269,-206,3081
6875,-13412,1464,-4060,2818,-200,3824
6885,-13540,2868,-4200,1285,-41,4225
6895,-13428,4124,-4044,-686,292,4278
6904,-13432,4016,-3352,-2352,927,3999
6915,-13860,1852,-4352,-3147,1091,3593
6926,-13208,-2064,-4260,-3323,1476,3090
6936,-12412,-6976,-4304,-3211,1952,1671
6946,-13188,-12192,-2972,-1337,1312,-452
6958,-11960,-10052,472,1934,911,-738
6968,-11132,-4564,-456,3177,1206,-157
6978,-13600,2144,-4240,2536,2046,-212
6987,-19672,3984,-6524,2613,2152,-1375
6999,-25292,5636,-6384,1834,2270,-1948
7009,-23652,4852,-4920,1663,2305,-2724
7019,-17228,-1076,-5768,651,1823,-3389
7029,-13804,-3360,-5968,875,1494,-3341
7040,-12164,-5076,-8904,1302,1428,-2934
7051,-13076,-4156,-8668,1697,1150,-2313
7061,-15616,-3240,-7900,2719,949,-2147
7071,-17336,-1872,-7204,2994,318,-1855
7081,-17596,-592,-6396,2494,219,-1602
7092,-16628,-572,-5612,1123,183,-1624
7102,-15240,-2244,-5140,-516,219,-1695
7112,-15236,-4436,-6080,-776,206,-1456
7122,-15412,-5752,-6340,-105,209,-935
7133,-15416,-4356,-5156,872,168,-271
7143,-15256,-4460,-6616,1378,76,365
7152,-15608,-4084,-5736,1654,76,808
7162,-15144,-3336,-5588,1680,-26,1055
7173,-15028,-2272,-5812,1326,-79,1219
7183,-15332,-1952,-6224,763,-175,1300
7193,-15348,-1920,-6160,556,-247,1264
7202,-15008,-2156,-6148,789,-207,1330
7213,-15264,-2172,-5796,1191,-262,1373
7223,-15200,-1304,-5544,1263,-223,1372
7234,-14876,-804,-5236,1194,-188,1192
7244,-14412,-812,-4972,931,-114,982
7254,-14476,-892,-4808,782,-79,729
7263,-14684,-640,-4964,644,-85,540
7272,-14568,-984,-5612,322,-68,304
7281,-14264,-1428,-5524,291,-73,128
7291,-14016,-2024,-5252,676,-26,-24
7301,-13696,-2300,-5268,911,5,-193
7310,-13824,-1688,-5580,1032,39,-320
7320,-14388,-28,-6004,1173,39,-600
7329,-15292,852,-6188,852,65,-949
7339,-16240,656,-5868,503,35,-1349
7348,-16260,248,-5028,631,154,-1758
7357,-15840,-532,-4344,901,304,-2093
7367,-15460,-1216,-4300,1059,423,-2307
7377,-15432,-1664,-4456,1066,547,-2373
7388,-15276,-3068,-5424,773,672,-2247
7398,-15088,-3864,-6356,825,631,-2014
7408,-15072,-3916,-6376,1171,441,-1717
7418,-15452,-3296,-7176,1409,213,-1468
7430,-15784,-2856,-6996,1524,-138,-1350
7440,-15484,-2208,-6484,1557,-434,-1432
7450,-14568,-1332,-6184,1373,-656,-1781
7461,-14168,468,-5880,880,-496,-2348
7471,-16552,2168,-7436,497,-541,-2304
7481,-19864,1412,-6144,-463,-699,-2838
7492,-20488,-160,-5032,-817,-682,-3366
7502,-18864,-348,-4436,-93,-731,-3539
7513,-18944,808,-5416,-337,-960,-3961
7522,-19168,2284,-4676,-407,-1251,-4263
7533,-18140,2472,-5260,-2345,-1596,-4981
7544,-16640,1096,-3892,-3695,-1745,-5944
7555,-14972,-2872,-3744,-4635,-1333,-5970
7566,-13500,-5880,-4312,-4736,-1289,-5553
7577,-12580,-6804,-4032,-3503,-1105,-4952
7588,-11516,-7180,-4888,-2894,-873,-4095
7600,-11000,-7300,-6240,-2575,-719,-3288
7610,-10784,-7128,-5752,-1525,-573,-2401
7621,-10608,-5000,-4784,-20,-692,-816
7631,-10896,-3180,-4172,851,-795,833
7642,-11832,-2080,-3964,1302,-1011,2278
7652,-12848,-1752,-3676,1536,-1286,3726
7662,-13864,-1672,-3608,1309,-1573,5060
7673,-15068,-792,-3372,590,-1904,6045
7684,-16040,-60,-3484,-809,-2121,6576
7694,-16336,-340,-3928,-2630,-2183,6735
7704,-16708,-1240,-4824,-4170,-2243,6623
7715,-16796,-2528,-4912,-4856,-2206,6330
7726,-16516,-3312,-5468,-5113,-2003,5995
7737,-16060,-3716,-5756,-4768,-1770,5460
7748,-15608,-3792,-5908,-3881,-1577,4870
7758,-15364,-4460,-5700,-2823,-1276,4200
7770,-14256,-5096,-5700,-1412,-1002,3758
7781,-12956,-5016,-5436,158,-863,3456
7791,-11808,-4292,-4696,1109,-619,3299
7801,-11384,-3396,-4108,1867,-323,3283
7812,-10764,-3024,-3704,1818,-63,3397
7822,-9652,-3644,-3380,1614,672,3286
7831,-9152,-5700,-4980,268,2466,2537
7841,-10444,-7540,-7504,-949,3554,1490
7852,-15492,-5608,-8468,1264,3285,578
7862,-21616,-3136,-5924,6539,1963,-148
7872,-27352,1208,-3708,9390,1338,298
7882,-25376,8440,-4268,7238,1603,-131
7892,-17700,9060,-1824,3760,2129,-2109
7903,-11780,1660,-5616,-511,2799,-3688
7913,-12556,-2308,-8992,-1844,1887,-3746
7924,-14940,-2352,-5740,-729,1664,-3962
7934,-15772,-3692,-5868,-662,1581,-3727
7946,-16188,-4048,-5960,-547,1397,-3236
7956,-15640,-5412,-6472,-585,1148,-2907
7966,-15084,-5656,-6488,250,1028,-2394
7977,-14476,-4024,-5840,1333,904,-1949
7988,-15024,-1600,-5072,737,937,-1888
7998,-16576,180,-4164,-306,1003,-2024
8008,-16568,-1092,-4292,-1630,1132,-2185
8018,-15660,-4300,-4560,-1377,1232,-2073
8030,-15252,-5456,-5260,-285,1205,-1604
8040,-14296,-4744,-4708,1009,1465,-1250
8051,-15132,-3480,-6388,1628,1346,-790
8061,-15624,-2492,-5788,1776,1249,-776
8072,-15308,-1824,-6512,1232,1123,-766
8082,-15240,-1368,-6500,783,936,-886
8092,-15316,-1764,-6636,278,711,-985
8101,-15184,-2660,-6140,-50,546,-1008
8112,-14848,-3492,-6132,167,385,-943
8122,-14664,-3196,-6000,694,286,-780
8132,-14676,-2680,-5972,845,295,-702
8141,-14784,-2180,-6064,980,253,-685
8152,-15032,-1664,-5684,929,306,-764
8162,-15072,-1848,-5796,771,397,-884
8171,-15556,-2228,-5528,1172,349,-1022
8181,-16032,-2284,-5012,1600,325,-1048
8193,-15516,-1720,-5600,1464,350,-1161
8203,-14940,-1976,-5780,1122,322,-1257
8213,-14784,-2316,-5400,1164,340,-1423
8223,-14840,-3156,-6036,1298,353,-1414
8233,-14892,-3100,-5776,1872,325,-1351
8244,-15004,-2684,-6164,2079,324,-1304
8254,-15256,-2056,-5956,2140,289,-1334
8265,-15256,-1972,-5916,1860,246,-1456
8275,-15388,-1828,-5744,1704,168,-1675
8286,-15176,-2280,-5960,1476,233,-1749
8296,-14844,-3856,-5716,1457,240,-1684
8306,-14812,-4756,-5612,2302,252,-1500
8316,-15000,-3776,-5484,2753,277,-1213
8328,-15112,-3516,-5480,2704,323,-1091
8338,-14976,-3132,-5224,2468,265,-1103
8348,-14904,-2820,-5748,2146,276,-1095
8358,-14452,-3136,-6372,1916,320,-1163
8369,-14412,-3776,-6776,2214,260,-1112
8379,-14896,-4376,-6176,2782,167,-984
8389,-15292,-3816,-5716,3299,129,-845
8399,-14936,-3228,-4976,3368,161,-797
8410,-15324,-3472,-5424,2937,152,-747
8420,-15364,-3292,-4852,2850,8,-849
8429,-14928,-2900,-5260,2752,2,-971
8439,-15124,-3112,-5564,2478,-19,-995
8450,-15412,-3540,-5392,2729,-163,-1079
8460,-14880,-3216,-5644,2901,-184,-1116
8470,-14480,-2852,-5732,2770,-253,-1241
8481,-14664,-2936,-5812,2652,-270,-1388
8492,-15020,-2752,-5856,2670,-325,-1534
8503,-14980,-2612,-5808,2660,-386,-1768
8513,-15132,-2544,-5536,2595,-444,-1990
8524,-15180,-2436,-5320,2648,-542,-2295
8535,-15340,-1716,-5132,2449,-663,-2650
8545,-15248,-1652,-5444,1780,-711,-3053
8556,-15200,-2264,-5476,1537,-740,-3509
8566,-15184,-3000,-5072,1833,-774,-3878
8578,-15444,-3164,-4848,2242,-856,-4147
8588,-15988,-2716,-5216,2521,-1156,-4542
8599,-16176,-1336,-4984,2588,-1484,-5183
8609,-15460,-260,-5320,1994,-1783,-6150
8621,-15420,864,-5928,1408,-2250,-7380
8631,-16984,2324,-7140,1070,-2845,-8775
8641,-20688,3916,-8132,609,-3379,-10164
8652,-24816,3588,-7164,709,-3287,-11549
8663,-25808,1280,-5292,1361,-2787,-12465
8674,-22468,-1144,-2728,2450,-2164,-12925
8685,-18944,-2904,-1872,3700,-1788,-12845
8696,-18352,-3280,-2168,4288,-1640,-12495
8708,-18576,-4840,-4656,4486,-1566,-11735
8718,-17308,-5060,-5652,4354,-1867,-10598
8729,-14756,-5180,-5524,3345,-1311,-9661
8740,-13116,-6948,-6864,2595,-549,-8509
8751,-13088,-6964,-6428,3240,-447,-6383
8762,-12180,-2136,-6428,2441,-47,-3846
8772,-9776,-604,-4928,835,89,-1367
8781,-8628,-976,-3536,-502,16,912
8791,-9084,-1876,-2600,-953,-221,2927
8801,-10284,-2152,-2056,-924,-371,5195
8811,-11244,-1744,-2024,-1224,-372,7426
8821,-11572,-2172,-3276,-2269,48,9324
8832,-12088,-3244,-4744,-2965,153,11018
8843,-13080,-3624,-5164,-2892,-298,12669
8853,-13988,-3336,-4548,-2496,-633,13839
8864,-14592,-3288,-4780,-2533,-875,14579
8876,-14828,-3624,-4968,-2483,-1131,14903
8887,-14988,-4372,-5104,-2488,-1428,15139
8898,-15484,-4508,-5432,-2934,-1607,15303
8909,-15360,-4512,-5204,-3369,-1639,15102
8920,-15608,-4688,-5316,-3813,-1562,14631
8931,-15592,-5096,-4596,-4237,-1431,13982
8942,-15972,-5600,-4632,-4399,-1070,13386
8953,-16096,-5288,-4852,-4172,-913,12888
8965,-15920,-5032,-4888,-3860,-765,12472
8976,-15828,-4880,-4512,-3426,-609,12081
8986,-15640,-4928,-4236,-2934,-411,11768
8997,-15792,-4892,-4136,-2438,-214,11461
9009,-15628,-4844,-4180,-2008,-71,11224
9019,-15376,-4152,-4312,-1857,-66,10952
9029,-15088,-3460,-4112,-2009,-77,10537
9040,-15336,-3416,-4028,-2405,-16,10017
9051,-15544,-3628,-3916,-2595,74,9484
9061,-15768,-3392,-4156,-2769,146,9158
9071,-15620,-3152,-4112,-2671,134,8852
9081,-15624,-2528,-3892,-2390,84,8495
9092,-15468,-2228,-3804,-2112,86,8172
9102,-15220,-1864,-3668,-1983,149,7939
9112,-15168,-1588,-3724,-1827,255,7711
9123,-14996,-1132,-4012,-1888,354,7564
9134,-14824,-888,-4260,-2201,417,7455
9144,-14668,-688,-3992,-2458,492,7256
9153,-14616,-860,-4076,-2824,614,7032
9163,-14920,-1012,-3932,-2990,739,6809
9175,-14956,-988,-4240,-2921,883,6706
9184,-14996,-800,-4104,-2833,973,6598
9194,-15056,-468,-4420,-2836,1071,6564
9205,-15212,-268,-4532,-2728,1117,6350
9216,-15288,-36,-4720,-2590,1149,6087
9226,-15456,132,-4568,-2415,1233,5784
9235,-15412,284,-4864,-2281,1366,5405
9245,-15248,-84,-4320,-2020,1430,4933
9255,-15104,-132,-4400,-1609,1552,4516
9266,-15232,-192,-4320,-1292,1607,3937
9277,-15480,216,-4604,-1002,1603,3564
9286,-15320,876,-4504,-1144,1570,3182
9296,-15100,1156,-4248,-1540,1572,2658
9308,-15104,1268,-4148,-2008,1485,2090
9318,-14904,1340,-3816,-2689,1501,1432
9328,-14676,736,-3712,-3236,1575,811
9338,-14612,328,-3636,-3566,1582,259
9348,-14260,336,-3624,-3877,1505,-213
9358,-14388,332,-3408,-4211,1453,-827
9368,-14104,48,-3184,-4661,1433,-1377
9378,-13828,-444,-3264,-5073,1369,-1874
9389,-13588,-952,-3336,-5108,1249,-2453
9400,-13204,-1236,-3336,-5157,1179,-2790
9410,-13168,-556,-4216,-5519,1415,-2902
9421,-12976,-792,-3644,-5813,1332,-3681
9432,-13460,-2344,-3928,-5539,1602,-4530
9443,-14020,-3064,-4808,-5185,1904,-5375
9453,-14348,-3708,-6128,-3676,2195,-5800
9464,-15768,-604,-7164,-726,1938,-4374
9475,-17648,6204,-8124,2374,786,-1719
9485,-20056,13148,-4704,3033,-491,-259
9495,-20904,14524,-936,1657,-778,-1779
9506,-20996,8896,1152,-178,59,-4886
9516,-20948,3184,196,-2003,1433,-7469
9526,-19448,-648,-1908,-1887,2130,-8840
9536,-16604,784,-3136,-1780,2452,-8677
9546,-14244,1948,-4828,-3727,2956,-8379
9558,-13364,1384,-5656,-6037,3699,-8421
9568,-13880,-828,-6440,-7069,4434,-8663
9579,-14616,-3964,-7868,-5780,4473,-8723
9589,-14892,-5576,-8896,-3189,3816,-8187
9601,-15152,-6060,-8792,-70,2901,-7392
9611,-15600,-5488,-7396,3140,2176,-6664
9622,-15740,-3548,-6684,5376,1584,-6051
9632,-15920,-1596,-4768,5887,1279,-5876
9643,-15940,-116,-3988,5123,1459,-6045
9653,-15972,1124,-3732,3214,1854,-6255
9664,-16104,1268,-3232,1202,2297,-6781
9674,-15672,476,-4336,-510,2609,-7038
9684,-15684,-1060,-4840,-1651,2667,-7246
9695,-15136,-1960,-5736,-1586,2664,-7019
9706,-15064,-2820,-6272,-651,2477,-6611
9716,-15592,-3416,-6464,473,2144,-6305
9728,-15608,-3656,-7008,1279,1874,-5745
9738,-15400,-3496,-6664,1956,1582,-5349
9748,-15408,-3168,-6392,2838,1334,-5051
9759,-15424,-2468,-5608,3102,1351,-4778
9769,-14964,-2176,-5296,2638,1478,-4645
9781,-15332,-2124,-5572,2164,1511,-4502
9791,-15148,-2552,-5832,1855,1651,-4372
9801,-15140,-3732,-5868,2031,1696,-4109
9812,-15548,-3812,-6652,2980,1570,-3776
9823,-15420,-3000,-6372,3899,1576,-3500
9834,-15160,-1800,-6784,4530,1442,-3477
9844,-14916,-620,-6956,4400,1375,-3699
9854,-15120,-100,-6972,4046,1270,-4207
9865,-15112,516,-6568,3439,1140,-4816
9875,-14876,976,-6164,3092,1037,-5640
9885,-15192,1676,-6364,2818,935,-6471
9895,-14960,1484,-6496,2051,955,-7216
9906,-14548,-572,-6280,1130,1070,-7770
9916,-14988,-2572,-6520,1026,1036,-8071
9927,-15512,-4036,-6504,1440,896,-8131
9937,-15888,-4908,-5972,2326,821,-8005
9948,-16844,-4304,-5940,3353,714,-8016
9958,-16956,-2856,-5428,4014,654,-8060
9968,-16948,-2008,-5924,4277,573,-8354
9978,-16580,-1896,-5188,3945,499,-8761
9990,-15420,-3864,-4864,2805,520,-9033
10000,-15208,-4792,-5296,2705,395,-9152
10010,-15740,-3320,-5016,2643,411,-9505
10021,-15864,-2944,-6072,2467,499,-9650
10032,-15940,-5568,-5840,2777,443,-9764
10042,-15288,-7640,-4784,2852,534,-9471
10053,-14740,-7884,-4920,3760,527,-9138
10063,-14060,-7116,-4936,4437,459,-8904
10075,-14320,-6480,-5720,4569,436,-8753
10085,-15060,-4672,-5580,5150,183,-8789
10095,-14012,-5656,-5548,4354,205,-8864
10106,-12844,-8868,-5224,3334,189,-8518
10117,-11616,-10248,-4280,3831,149,-8084
10128,-11112,-11276,-4696,3985,211,-7358
10139,-11148,-11468,-5088,4393,388,-6526
10149,-11784,-11244,-5780,5364,382,-5909
10161,-13384,-10888,-6428,6479,569,-5389
10172,-14672,-9004,-6496,7801,619,-5141
10182,-14160,-7308,-5804,9094,932,-5213
10192,-15528,-5264,-5984,9993,609,-5561
10204,-17380,-3424,-5676,11294,338,-6212
10214,-20104,-3236,-7524,10064,-396,-6351
10225,-22844,-2000,-7776,8808,-1553,-6525
10236,-23264,-1136,-7960,6817,-2581,-6884
10248,-20424,-1292,-7120,4003,-3075,-7251
10259,-16736,-3236,-5924,1311,-3215,-7873
10270,-14044,-5640,-5156,-258,-3076,-8668
10281,-13028,-8760,-5644,-1334,-2493,-9150
10293,-11900,-11068,-6996,-1473,-1637,-8849
10305,-11720,-12760,-8656,200,-439,-8018
10315,-12196,-10964,-9328,3376,-308,-5863
10327,-12132,-7328,-5784,6213,-373,-3550
10338,-11520,-4820,-4416,6815,-229,-1614
10348,-10676,-4080,-2532,6212,-154,156
10359,-10612,-3248,-2140,5364,-225,1906
10370,-11320,-860,-2296,4165,-215,3223
10380,-11528,-800,-2652,972,634,3972
10390,-12520,-2504,-5056,-1855,966,4656
10400,-13256,-3044,-5244,-3413,878,5202
10412,-13240,-3644,-4656,-4744,909,5403
10422,-13500,-4992,-4524,-5349,772,5501
10432,-14020,-6988,-5096,-4770,591,5555
10443,-14624,-8256,-5688,-3692,218,5934
10454,-14332,-9052,-5312,-2093,-269,6321
10465,-13980,-9284,-5412,-695,-629,6871
10475,-13548,-8716,-4832,332,-849,7438
10485,-13372,-7824,-4224,920,-959,7951
10497,-13164,-6604,-3732,656,-980,8309
10507,-12764,-8776,-2192,-1166,-680,6838
10517,-15824,-18456,-2988,-1861,-1299,4371
10529,-19036,-14188,-772,1494,-3680,5046
10540,-13612,-5956,-1084,1610,-3519,6662
10551,-9872,448,-1192,-1489,-3018,8064
10561,-10640,-56,-2308,-3881,-2148,8271
10572,-13984,-1772,-4484,-5512,-2241,8856
10583,-13720,-3888,-4468,-7568,-2258,9208
10594,-13188,-4852,-4424,-9052,-2587,9969
10605,-12884,-5644,-4568,-9419,-2750,10765
10616,-12924,-5960,-5268,-8983,-2800,11741
10629,-12528,-5712,-5148,-8376,-2727,12650
10640,-12884,-5668,-4992,-7803,-2535,13581
10651,-13800,-5488,-5164,-7308,-2409,14440
10662,-14156,-5628,-5076,-6649,-2266,15361
10674,-14128,-5588,-4984,-5786,-2029,16302
10685,-14376,-4956,-5088,-5038,-1809,17317
10697,-14248,-4360,-4712,-4638,-1682,17910
10708,-14516,-5072,-4452,-4247,-1263,18193
10720,-15084,-5768,-4348,-3866,-834,18647
10731,-15588,-5468,-4960,-3329,-535,19120
10742,-15532,-4884,-4952,-2719,-401,19629
10754,-15628,-4116,-4676,-1962,-229,19937
10765,-15880,-3320,-4704,-1475,-16,20110
10775,-16300,-3356,-4676,-976,336,20196
10786,-16704,-2928,-5316,-608,644,20357
10797,-16820,-2668,-5300,-64,785,20366
10807,-16320,-2312,-5104,3,764,20046
10817,-16136,-2692,-4684,183,915,19448
10827,-16328,-3080,-4664,181,1170,18815
10839,-16556,-2536,-5004,253,1452,18233
10849,-16532,-1332,-5236,147,1586,17586
10859,-16252,-680,-4832,-11,1865,16756
10870,-15996,-956,-4804,-154,2117,16008
10881,-16024,-1036,-4876,54,2283,15212
10891,-16000,-1180,-4892,793,2413,14326
10901,-15852,-548,-5464,790,2511,13524
10912,-15136,-548,-4816,876,2445,12458
10923,-14744,-1384,-4740,1245,2500,11064
10933,-14492,-2364,-4184,1767,2531,9451
10944,-14600,-3040,-4764,2485,2450,7909
10954,-14664,-2568,-4860,3455,2300,6574
10966,-14536,-856,-5316,3890,1989,5172
10976,-14236,696,-4348,3855,1801,3468
10986,-14124,944,-4096,3260,1779,1626
10996,-14000,736,-3996,2452,1736,-277
11006,-13972,312,-4080,1597,1716,-2198
11017,-14540,464,-4888,466,1853,-3996
11027,-13620,2252,-4624,-1175,1276,-5735
11037,-13168,680,-3008,-2846,1202,-8416
11048,-13552,-872,-3484,-3682,1307,-10154
11060,-14500,1244,-5048,-3213,1444,-9517
11070,-14524,7336,-7216,-2769,1552,-6939
11081,-15164,13724,-7088,-1810,1103,-4149
11092,-18424,15120,-1888,-2537,62,-3648
11103,-20348,13492,-400,-5172,-594,-4973
11114,-20564,6020,1272,-6385,-602,-8033
11124,-20512,412,1392,-4849,138,-9891
11134,-20304,-840,-316,-3642,859,-10481
11146,-18604,-892,-1340,-3458,1970,-10712
11157,-16296,-24,-4656,-4885,3085,-10831
11167,-14704,1216,-6772,-6068,3865,-11009
11179,-13844,12,-9856,-5168,4229,-11156
11190,-13668,-2188,-11424,-3629,3714,-10585
11201,-14340,-4536,-12540,-1726,2646,-9824
11212,-14784,-5132,-10500,1569,1767,-8941
11224,-14752,-4384,-8972,4393,958,-7843
11234,-15664,-2548,-6992,6054,169,-7301
11245,-16092,-1164,-4768,6235,-243,-7161
11256,-15936,44,-4032,5501,-176,-6959
11266,-15796,468,-3168,4338,159,-6852
11276,-15336,368,-2764,2847,775,-6846
11286,-15240,356,-3048,1161,1352,-6782
11296,-15404,592,-3356,-454,1901,-6700
11308,-15488,148,-4104,-1657,2420,-6617
11318,-15232,124,-6092,-2159,2641,-6577
11328,-15104,-1220,-7096,-1086,2572,-6648
11339,-15160,-2088,-8412,1295,1773,-6331
11351,-15692,-2844,-7352,2922,1008,-5968
11362,-15700,-3552,-7024,4616,758,-5510
11372,-15444,-3348,-6116,5780,548,-4928
11382,-15516,-2268,-4884,6454,463,-4815
11394,-15724,-1284,-4500,6949,538,-4696
11404,-15660,64,-4952,6770,751,-4582
11414,-15624,968,-5432,6390,892,-4726
11424,-15508,1040,-6452,5168,935,-4959
11435,-14968,336,-6440,3253,926,-5149
11445,-14896,-1152,-6972,2203,811,-5387
11455,-14880,-2748,-7100,2373,665,-5217
11466,-15028,-3492,-6668,3648,592,-4959
11476,-15764,-3300,-6500,5276,433,-4680
11488,-15940,-2076,-5376,6168,469,-4483
11498,-15832,-1176,-5832,5808,443,-4530
11508,-15520,-484,-5620,4798,243,-4796
11520,-15224,-648,-6064,3406,104,-5217
11530,-14928,-1888,-6064,2226,-54,-5419
11540,-14912,-3044,-6344,1872,-125,-5384
11551,-15296,-4148,-6104,2186,-344,-5173
11561,-15232,-3924,-5148,2893,-364,-4977
11573,-15500,-3072,-5364,3297,-442,-4842
11584,-15164,-2256,-5848,2931,-484,-4881
11594,-15000,-2764,-5956,2258,-566,-4997
11606,-14660,-3580,-5944,2110,-659,-5140
11617,-14580,-3724,-5328,2474,-712,-5229
11627,-14796,-3312,-5708,2807,-692,-5289
11638,-15376,-2504,-5484,3251,-733,-5472
11650,-15880,-2080,-5828,3182,-794,-5774
11660,-16044,-2268,-5508,2800,-820,-6053
11671,-16000,-3236,-5112,2783,-877,-6330
11682,-15920,-4320,-4932,2718,-947,-6406
11693,-15988,-4524,-4896,3059,-942,-6387
11704,-15948,-4600,-4820,3385,-905,-6458
11715,-16312,-3588,-5176,4005,-1084,-6553
11726,-15904,-3344,-5056,4093,-1281,-6876
11738,-15612,-3580,-5120,3883,-1618,-7199
11748,-14548,-3304,-5364,4189,-1951,-7826
11759,-13488,-3676,-5564,3649,-2053,-8317
11770,-14328,-3428,-6624,3784,-2178,-8683
11782,-16044,-3504,-7488,4344,-2301,-9099
11793,-18096,-4100,-7644,4889,-2540,-9288
11804,-19420,-3360,-6080,5655,-2785,-9420
11815,-19656,-5476,-4756,5249,-2730,-9245
11827,-19312,-6204,-3368,5162,-2875,-8834
11838,-18184,-5916,-2068,5789,-3047,-8668
11849,-17756,-4536,-2460,5179,-3115,-8456
11860,-16768,-4036,-3264,3443,-3099,-8216
11872,-15812,-5052,-4252,1242,-2995,-7906
11882,-14460,-6292,-5000,140,-3107,-7664
11893,-12944,-6976,-4856,-150,-3014,-7642
11905,-12060,-8200,-4580,-687,-2109,-7684
11916,-10740,-10400,-5852,-1484,-1022,-7262
11927,-9676,-11212,-6712,-244,-198,-5804
11938,-9400,-9808,-5804,2464,-1,-3811
11949,-9420,-8032,-4496,4470,200,-1903
11959,-9680,-6504,-3604,5917,621,-28
11969,-10172,-5140,-3580,6554,889,1775
11979,-10620,-3732,-3116,6698,1064,3588
11990,-11028,-2696,-2872,6538,1241,5290
12001,-11516,-2232,-2308,5956,1395,6899
12011,-11764,-2392,-1988,4491,1747,8311
12022,-12304,-3268,-2536,2968,2034,9503
12033,-12340,-3536,-2432,1737,2180,10738
12044,-12488,-3244,-2196,313,2273,11916
12054,-13008,-3116,-2076,-1172,2376,12817
12065,-13456,-4012,-1728,-2319,2388,13632
12077,-14068,-4796,-2104,-2687,2195,14307
12088,-15092,-5724,-2656,-2430,1811,14949
12099,-15432,-6568,-3244,-2189,1373,15668
12110,-15304,-6856,-3280,-1621,903,16197
12121,-15188,-6660,-2916,-1004,608,16443
12132,-15220,-6840,-2816,-764,572,16502
12142,-15156,-6716,-2800,-755,594,16417
12153,-15100,-6508,-2916,-968,650,16134
12164,-15428,-6368,-2876,-1300,699,15833
12175,-15616,-5892,-2884,-1659,707,15508
12186,-15980,-5884,-2620,-1890,644,14969
12196,-16148,-6040,-2636,-2239,524,14475
12208,-16444,-5832,-2976,-2565,306,13871
12219,-16352,-5624,-2928,-3087,111,13037
12229,-15988,-5576,-2692,-3651,-6,12007
12240,-16260,-6008,-3280,-4243,-135,10856
12252,-16312,-5892,-3364,-4637,-405,9622
12262,-16340,-5644,-3356,-4942,-565,8319
12273,-16120,-5864,-3344,-5081,-515,7019
12284,-15884,-5844,-3412,-4972,-451,5860
12295,-16128,-5488,-4048,-4988,-368,4689
12306,-15620,-5696,-3644,-4360,-489,3427
12317,-15496,-5896,-3636,-3696,-432,2281
12327,-15240,-5876,-3736,-2932,-411,1330
12339,-15024,-5696,-3604,-2256,-412,587
12349,-14756,-5372,-3808,-1684,-266,-101
12360,-14576,-5516,-3692,-1088,45,-702
12370,-14708,-5324,-4176,-629,482,-1072
12381,-14704,-4632,-4704,84,783,-1193
12391,-14716,-3540,-4952,531,1004,-1035
12402,-14832,-2268,-5120,618,1124,-754
12412,-14744,-1232,-5148,633,1002,-397
12423,-14560,-660,-4544,840,943,-27
12432,-14604,-436,-4392,964,1057,306
12442,-14600,-952,-4444,1404,1233,735
12452,-14852,-1664,-4496,2112,1353,1207
12463,-15504,-1968,-4884,2811,1243,1591
12474,-15892,-1996,-4748,2985,1208,1716
12484,-16248,-1676,-4500,3026,1167,1366
12495,-16620,-972,-3916,3160,1031,744
12506,-16952,-396,-3500,3251,751,413
12515,-16936,892,-3084,2522,583,416
12525,-16688,1780,-2812,1189,681,414
12534,-16560,1760,-2672,-222,847,182
12545,-16628,1016,-2744,-1234,1039,-118
12555,-16544,360,-3392,-1578,1050,-346
12565,-16412,140,-3828,-1841,1130,-429
12576,-15960,-248,-4456,-1978,1176,-389
12587,-15696,-648,-4736,-1962,1148,-375
12597,-15332,-1132,-5052,-1600,1085,-276
12608,-15324,-1168,-5084,-928,1027,-188
12619,-15292,-860,-5200,-352,952,-85
12628,-15416,-628,-4964,22,902,-26
12638,-15384,-188,-4892,288,847,-87
12648,-15440,244,-4540,350,797,-183
12657,-15576,372,-4480,245,828,-350
12667,-15588,428,-4152,61,839,-530
12677,-15560,404,-4136,-198,810,-682
12686,-15476,348,-4176,-463,833,-822
12696,-15392,252,-4328,-689,879,-999
12706,-15552,204,-4520,-816,894,-1046
12717,-15616,-204,-4648,-865,872,-1144
12727,-15536,-464,-4800,-748,812,-1203
12737,-15804,-408,-4572,-524,770,-1250
12747,-15736,-476,-4736,-287,722,-1281
12758,-15668,-428,-4708,-133,691,-1263
12768,-15636,-292,-4720,-37,656,-1309
12778,-15768,-152,-4724,-27,610,-1342
12788,-15532,-120,-4944,-160,572,-1403
12798,-15416,-488,-4712,-378,569,-1432
12809,-15292,-1100,-4716,-494,506,-1395
12820,-15156,-1428,-4704,-464,448,-1305
12830,-15312,-1816,-4620,-261,417,-1150
12841,-15392,-2116,-4500,-65,373,-977
12852,-15368,-2228,-4344,214,334,-776
12861,-15448,-1780,-4536,469,287,-627
12871,-15360,-964,-4532,610,261,-562
12881,-15480,-352,-4688,600,269,-593
12892,-15460,-192,-4656,373,322,-667
12901,-15680,-392,-4756,151,282,-699
12911,-15656,-652,-4620,77,311,-758
12920,-15568,-708,-4612,106,281,-764
12931,-15552,-592,-4520,231,313,-784
12941,-15440,-344,-4744,297,324,-857
12950,-15532,-84,-4628,171,363,-940
12960,-15368,-380,-4712,-93,399,-999
12969,-15424,-692,-4708,-300,426,-1061
12980,-15280,-1176,-4764,-362,438,-1048
12991,-15332,-1452,-4684,-248,395,-973
13001,-15444,-1340,-4824,-131,374,-895
13011,-15420,-1020,-4692,-59,376,-827
13022,-15488,-1048,-4824,-63,369,-780
13032,-15516,-1108,-4644,-146,430,-749
13042,-15524,-1212,-4584,-236,430,-708
13052,-15452,-1352,-4744,-248,438,-638
13063,-15500,-1488,-4704,-170,415,-536
13074,-15392,-1408,-4784,-91,407,-462
13084,-15472,-1372,-4868,-10,378,-379
13093,-15432,-1156,-4860,79,383,-319
13104,-15380,-1136,-5008,64,372,-287
13114,-15272,-1080,-4748,49,390,-263
13123,-15456,-1124,-4752,18,386,-267
13133,-15396,-1148,-4972,-7,388,-251
13144,-15408,-1108,-4748,-64,376,-226
13154,-15496,-952,-4772,-106,386,-201
13163,-15468,-780,-4732,-147,377,-204
13173,-15408,-744,-4844,-339,391,-261
13184,-15392,-820,-5028,-565,445,-284
13194,-15360,-912,-4804,-660,459,-324
13204,-15388,-1216,-5016,-737,475,-347
13214,-15340,-1188,-4796,-695,485,-330
13224,-15488,-1312,-5048,-578,501,-256
13236,-15504,-1464,-5464,-452,457,-121
13246,-15492,-1612,-5100,-425,450,-38
13256,-15452,-1880,-4728,-282,429,84
13265,-15364,-1780,-4808,-76,397,161
13276,-15472,-1720,-4844,96,388,295
13285,-15520,-1540,-4956,165,413,384
13295,-15396,-1232,-4756,145,441,432
13305,-15480,-1116,-5008,33,468,479
13315,-15404,-1012,-4916,-122,487,502
13325,-15440,-1044,-4912,-221,508,510
13335,-15396,-1152,-5072,-156,489,544
13345,-15388,-1284,-4976,-105,494,628
13356,-15480,-1204,-5040,-43,495,693
13365,-15392,-1004,-4832,-35,536,746
13375,-15368,-1168,-4940,-114,556,753
13385,-15344,-1176,-4928,-135,558,801
13395,-15324,-1068,-4868,-48,568,810
13405,-15312,-944,-4892,80,566,832
13414,-15360,-896,-5044,46,613,865
13424,-15420,-1168,-4976,40,605,888
13433,-15440,-1176,-5080,63,611,909
13443,-15292,-976,-4928,174,597,944
13453,-15368,-724,-5068,184,595,961
13462,-15324,-500,-4996,200,649,905
13472,-15408,-412,-5056,189,642,851
13481,-15232,-616,-5012,89,644,840
13491,-15372,-544,-4984,57,648,838
13500,-15400,-764,-4968,-7,675,812
13509,-15328,-908,-5096,38,662,812
13519,-15336,-772,-5224,67,652,865
13529,-15324,-604,-5344,94,647,856
13538,-15308,-464,-5116,54,641,847
13547,-15304,-572,-5104,56,611,831
13556,-15344,-588,-5064,-53,638,833
13566,-15248,-836,-5096,8,613,827
13575,-15300,-552,-5144,53,602,823
13585,-15248,-652,-5104,17,617,859
13594,-15308,-444,-5308,-30,623,860
13603,-15352,-368,-5324,-115,603,825
13614,-15340,-424,-5412,-139,596,792
13623,-15228,-360,-5264,-147,605,779
13633,-15296,-372,-5384,-177,558,753
13643,-15252,-280,-5324,-262,580,733
13652,-15212,-104,-5528,-320,582,680
13663,-15396,292,-5580,-339,574,592
13672,-15252,176,-5772,-450,568,515
13682,-15332,-40,-5556,-441,541,452
13691,-15220,-272,-5532,-275,500,401
13702,-15312,-320,-5536,-161,445,375
13711,-15292,-168,-5412,-89,447,356
13721,-15288,-108,-5364,-56,436,320
13730,-15376,-72,-5520,-145,440,307
13741,-15292,-180,-5468,-240,448,297
13750,-15312,-356,-5716,-227,394,272
13760,-15248,-348,-5544,-182,369,326
13770,-15280,-420,-5616,-150,370,365
13779,-15296,-408,-5440,-114,326,384
13790,-15180,-292,-5456,-34,296,410
13799,-15292,-288,-5428,-35,302,400
13809,-15380,-68,-5428,-38,302,380
13818,-15264,-120,-5492,6,296,370
13828,-15176,-52,-5596,-19,303,350
13837,-15124,-68,-5672,-53,238,352
13846,-15200,-72,-5568,-34,216,296
13855,-15148,32,-5676,33,195,247
13864,-15080,224,-5520,56,174,172
13874,-15144,532,-5552,-16,176,127
13883,-15444,380,-5640,-134,183,46
13892,-15448,68,-5732,-223,194,-29
13901,-15408,-60,-5564,-189,189,-52
13911,-15236,-36,-5700,-70,198,-82
13921,-15236,-68,-5488,-78,166,-93
13930,-15208,44,-5412,-28,148,-133
13939,-15260,12,-5648,-69,121,-161
13948,-15256,148,-5624,-3,115,-212
13958,-15320,112,-5660,-7,122,-269
13967,-15372,116,-5808,-61,103,-307
13977,-15300,-84,-5500,-84,101,-343
13986,-15240,20,-5524,-67,121,-401
13996,-15352,-128,-5528,-74,149,-354
14006,-15364,-140,-5632,-120,145,-382
14016,-15324,-380,-5564,-93,100,-362
14025,-15328,-296,-5268,-60,108,-327
14035,-15292,-320,-5504,-1,104,-297
14045,-15312,-400,-5524,53,64,-302
14055,-15144,-228,-5560,138,56,-286
14064,-15196,-128,-5432,156,51,-303
14073,-15304,-112,-5652,124,54,-300
14084,-15324,-48,-5468,121,15,-347
14093,-15312,-52,-5476,76,37,-361
14102,-15296,-12,-5568,16,21,-395
14111,-15276,-88,-5520,-9,27,-414
14120,-15304,-292,-5460,-15,25,-430
14130,-15260,-276,-5460,41,33,-423
14139,-15296,-268,-5488,81,39,-420
14148,-15212,-244,-5540,118,7,-408
14157,-15300,-200,-5608,107,10,-419
14168,-15208,-256,-5528,95,11,-413
14177,-15304,-336,-5668,102,-15,-426
14187,-15356,-284,-5584,105,-7,-433
14196,-15372,-344,-5412,133,-3,-400
14205,-15212,-344,-5268,142,-17,-431
14216,-15308,-384,-5516,196,-50,-423
14226,-15356,-356,-5380,196,-44,-394
14235,-15324,-284,-5316,151,-28,-407
14245,-15212,-400,-5508,96,-43,-414
14255,-15272,-456,-5628,97,-22,-421
14265,-15128,-360,-5504,103,-25,-421
14274,-15292,-460,-5348,106,-15,-431
14284,-15324,-396,-5580,135,-23,-416
14295,-15288,-388,-5484,155,-5,-396
14304,-15196,-464,-5416,189,-33,-373
14314,-15372,-524,-5352,174,-4,-336
14323,-15344,-508,-5488,175,2,-285
14332,-15288,-680,-5176,201,-5,-268
14343,-15172,-640,-5164,203,13,-217
14352,-15252,-520,-5224,148,22,-216
14361,-15260,-468,-5380,74,40,-199
14371,-15292,-380,-5580,-2,63,-204
14381,-15268,-368,-5432,-16,61,-214
14390,-15248,-520,-5448,0,70,-194
14399,-15372,-536,-5316,11,74,-186
14408,-15300,-544,-5328,65,68,-135
14417,-15260,-624,-5564,79,56,-131
14427,-15288,-568,-5304,93,106,-101
14437,-15300,-604,-5476,97,86,-75
14446,-15272,-524,-5436,78,96,-51
14455,-15192,-540,-5504,99,77,-36
14465,-15300,-528,-5336,76,82,-37
14473,-15228,-516,-5348,70,73,8
14482,-15364,-492,-5568,103,91,-4
14491,-15304,-492,-5364,75,93,-1
14499,-15280,-368,-5364,66,94,23
14509,-15220,-440,-5372,18,105,33
14518,-15220,-524,-5296,12,80,64
14526,-15308,-520,-5500,42,61,67
14535,-15312,-528,-5352,44,62,88
14544,-15320,-448,-5276,38,106,99
14554,-15220,-480,-5420,47,74,83
14562,-15284,-328,-5312,63,65,105
14571,-15252,-340,-5444,22,88,94
14580,-15336,-344,-5384,1,99,83
14588,-15360,-272,-5432,15,67,85
14598,-15244,-428,-5468,32,59,63
14606,-15264,-448,-5524,64,90,103
14615,-15344,-316,-5400,54,49,81
14624,-15244,-420,-5304,50,41,95
14633,-15320,-376,-5460,100,40,96
14642,-15284,-220,-5308,75,58,88
14651,-15244,-292,-5316,65,61,78
14660,-15352,-376,-5420,68,36,58
14668,-15328,-336,-5484,59,23,43
14678,-15208,-244,-5420,71,53,55
14687,-15160,-248,-5388,79,49,20
14695,-15220,-300,-5408,47,62,20
14704,-15240,-288,-5452,53,34,-6
14713,-15224,-288,-5324,33,68,-29
14722,-15284,-220,-5424,-20,40,-25
14732,-15248,-384,-5416,-23,47,-71
14741,-15316,-332,-5316,15,41,-93
14750,-15264,-388,-5372,29,38,-68
14758,-15328,-344,-5304,47,60,-68
14768,-15320,-244,-5424,22,41,-116
14777,-15232,-348,-5364,7,35,-76
14786,-15288,-292,-5268,-24,51,-98
14795,-15304,-364,-5304,-50,40,-67
14804,-15268,-360,-5396,6,50,-127
14814,-15360,-320,-5412,1,71,-109
14823,-15236,-364,-5456,-5,48,-108
14832,-15240,-336,-5488,-13,43,-108
14842,-15264,-400,-5272,5,47,-99
14851,-15272,-448,-5404,-5,33,-89
14860,-15240,-432,-5284,23,56,-70
14869,-15284,-408,-5372,31,48,-81
14878,-15308,-448,-5352,17,26,-49
14887,-15268,-304,-5216,21,40,-69
14897,-15280,-276,-5300,4,45,-85
14905,-15372,-324,-5516,-18,58,-98
14915,-15296,-272,-5460,-2,52,-94
14923,-15396,-392,-5496,16,60,-103
14934,-15356,-228,-5636,32,45,-103
14943,-15252,-176,-5304,6,57,-131
14952,-15268,-168,-5384,5,44,-151
14960,-15276,-228,-5400,-37,25,-165
14970,-15272,-288,-5380,-6,29,-197
14980,-15272,-424,-5396,-39,31,-226
14989,-15260,-360,-5380,-27,34,-222
14999,-15280,-280,-5428,-42,21,-215
15008,-15284,-300,-5284,-50,42,-204
15019,-15192,-348,-5528,-44,46,-223
15028,-15320,-344,-5400,-19,26,-224
15037,-15220,-336,-5336,-33,64,-235
15047,-15332,-372,-5312,-15,54,-233
15056,-15372,-472,-5320,-45,58,-221
15067,-15296,-436,-5272,-92,75,-185
15076,-15312,-628,-5240,-91,76,-164
15085,-15308,-620,-5208,-83,103,-130
15095,-15348,-628,-5192,-109,98,-99
15105,-15312,-680,-5248,-110,135,-42
15115,-15316,-844,-5280,-117,133,23
15124,-15216,-616,-5112,-113,151,75
15134,-15324,-656,-5360,-104,165,103
15143,-15360,-544,-5180,-138,173,152
15154,-15332,-556,-5208,-162,182,174
15164,-15276,-440,-5324,-166,157,199
15173,-15260,-548,-5364,-138,192,215
15183,-15380,-404,-5428,-100,197,211
15194,-15212,-352,-5356,-80,193,247
15203,-15272,-448,-5396,-44,184,273
15213,-15376,-424,-5364,22,178,280
15222,-15312,-376,-5300,83,168,289
15232,-15256,-316,-5320,94,198,287
15241,-15276,-320,-5352,116,183,289
15250,-15292,-164,-5268,98,184,261
15259,-15288,-260,-5420,131,171,271
15269,-15288,-228,-5472,158,189,262
15279,-15192,-296,-5344,162,189,265
15289,-15296,-100,-5488,190,176,259
15298,-15244,-248,-5184,160,193,256
15307,-15280,-216,-5456,174,179,240
15318,-15300,-372,-5344,182,179,242
15327,-15292,-292,-5388,188,189,230
15337,-15344,-104,-5464,187,189,239
15346,-15216,-148,-5348,147,184,242
15355,-15356,-204,-5356,76,172,252
15366,-15368,-152,-5192,86,202,201
15375,-15320,-56,-5424,62,212,217
15384,-15324,-124,-5456,-11,200,212
15393,-15300,-192,-5496,32,193,203
15403,-15268,-300,-5268,45,203,232
15412,-15264,-248,-5380,26,222,244
15421,-15292,-216,-5468,31,218,209
15431,-15324,-308,-5288,66,225,183
15440,-15264,-72,-5480,19,233,249
15450,-15136,-380,-5412,-35,242,193
15459,-15572,-68,-5748,-23,252,200
15468,-15472,-428,-5624,213,160,68
15477,-15008,180,-5360,-208,269,238
15488,-15436,224,-5556,-96,254,149
15497,-15428,-156,-5544,170,202,18
15506,-15096,-244,-5456,94,209,111
15515,-15084,264,-5520,-151,241,174
15524,-15328,-252,-5468,70,238,50
15534,-15292,-144,-5544,98,234,76
15543,-15132,160,-5388,-108,241,131
15553,-15292,-48,-5620,-1,216,52
15561,-15376,-88,-5540,33,216,44
15570,-15284,-24,-5536,8,235,82
15579,-15212,-44,-5548,34,221,83
15588,-15320,-36,-5416,61,198,80
15597,-15236,-48,-5444,83,245,51
15605,-15232,-4,-5520,83,267,43
15614,-15280,-8,-5420,63,223,49
15623,-15200,-68,-5420,52,265,6
15631,-15216,56,-5444,64,235,32
15640,-15324,-24,-5412,-6,253,26
15648,-15284,-12,-5528,-19,259,2
15657,-15240,-36,-5468,-54,260,14
15667,-15328,-16,-5488,-119,226,-38
15676,-15296,24,-5384,-151,246,-46
15685,-15316,76,-5424,-170,263,-74
15695,-15320,0,-5412,-184,249,-98
15704,-15192,44,-5360,-238,263,-120
15714,-15268,-28,-5492,-287,284,-148
15723,-15248,-64,-5540,-351,294,-133
15733,-15308,40,-5392,-381,276,-158
15742,-15280,-52,-5528,-352,291,-154
15753,-15228,-60,-5488,-312,280,-174
15763,-15240,-24,-5448,-267,263,-162
15772,-15200,-4,-5528,-266,283,-185
15782,-15356,20,-5552,-306,318,-199
15792,-15168,32,-5420,-323,304,-205
15802,-15208,68,-5396,-322,295,-214
15811,-15260,12,-5616,-322,269,-250
15820,-15108,-8,-5408,-312,300,-282
15831,-15164,28,-5480,-258,277,-290
15840,-15208,-8,-5496,-243,275,-288
15850,-15204,-84,-5644,-217,272,-305
15859,-15228,-60,-5676,-192,293,-295
15869,-15212,-84,-5596,-154,269,-308
15880,-15280,-16,-5692,-135,269,-316
15889,-15256,-96,-5556,-143,294,-311
15899,-15212,-116,-5508,-142,287,-310
15909,-15224,-104,-5728,-116,272,-290
15920,-15132,-224,-5660,-80,293,-255
15929,-15160,-60,-5356,-80,257,-252
15939,-15332,-136,-5604,-97,250,-260
15948,-15220,-72,-5632,-98,264,-307
15959,-15240,48,-5652,-103,251,-295
15968,-15276,-116,-5696,-111,233,-298
15978,-15228,36,-5604,-71,225,-322
15987,-15320,112,-5672,-107,231,-330
15997,-15260,-16,-5544,-117,262,-407
16007,-15316,20,-5668,-189,237,-393
16017,-15220,28,-5588,-284,234,-423
16026,-15316,-40,-5692,-345,239,-443
16036,-15168,-124,-5628,-316,233,-441
16047,-15244,-176,-5576,-283,242,-437
16057,-15140,-200,-5572,-219,184,-418
16067,-15252,-136,-5568,-211,221,-442
16077,-15224,-100,-5744,-258,208,-448
16087,-15304,-108,-5672,-268,218,-446
16097,-15260,-32,-5772,-310,207,-475
16107,-15324,-44,-5576,-352,227,-480
16117,-15284,-108,-5572,-388,213,-527
16128,-15144,-184,-5596,-406,213,-498
16137,-15212,-220,-5740,-442,208,-511
16147,-15252,-412,-5556,-422,225,-531
16157,-15180,-380,-5620,-360,231,-502
16167,-15156,-296,-5704,-316,216,-469
16178,-15168,-348,-5764,-234,208,-422
16188,-15260,-420,-5852,-148,208,-398
16198,-15140,-356,-5776,-83,181,-383
16207,-15172,-288,-5604,-41,187,-393
16218,-15148,-408,-5584,-57,186,-370
16228,-15240,-340,-5552,-116,197,-356
16238,-15160,-328,-5664,-77,199,-346
16247,-15136,-380,-5608,-56,201,-320
16258,-15200,-360,-5580,-45,197,-315
16268,-15164,-332,-5828,-1,178,-288
16277,-15228,-412,-5784,50,187,-290
16286,-15144,-468,-5836,83,178,-251
16296,-15260,-432,-5684,60,177,-265
16306,-15232,-296,-5704,102,171,-245
16316,-15244,-296,-5516,58,176,-232
16325,-15272,-408,-5540,-8,181,-228
16335,-15240,-364,-5780,-81,177,-224
16345,-15212,-420,-5664,-142,213,-207
16355,-15320,-480,-5972,-167,176,-195
16365,-15144,-392,-5568,-158,208,-193
16375,-15320,-488,-5724,-144,178,-149
16386,-15100,-432,-5724,-126,185,-131
16396,-15192,-312,-5612,-78,188,-143
16405,-15256,-372,-5680,-105,164,-107
16415,-15176,-312,-5840,-147,181,-123
16425,-15328,-468,-5660,-149,177,-117
16436,-15144,-336,-5876,-103,162,-127
16446,-15176,-372,-5936,-100,197,-113
16456,-15244,-424,-5812,-77,176,-90
16465,-15224,-356,-5792,-63,178,-86
16476,-15164,-336,-5592,-14,192,-50
16485,-15252,-364,-5752,-32,185,-70
16495,-15204,-348,-5856,-39,199,-61
16504,-15176,-400,-5836,-95,185,-66
16514,-15176,-380,-5812,-48,174,-41
16524,-15232,-516,-5608,-28,195,-15
16533,-15120,-424,-5844,12,184,-10
16542,-15112,-420,-5772,57,202,24
16551,-15184,-328,-5728,90,167,19
16561,-15224,-328,-5680,59,190,49
16570,-15212,-368,-5688,67,189,50
16579,-15184,-344,-5676,71,195,39
16588,-15184,-308,-5660,51,198,55
16598,-15192,-288,-5680,48,191,64
16606,-15168,-336,-5692,46,218,80
16615,-15204,-340,-5712,35,205,117
16624,-15096,-336,-5748,11,203,70
16633,-15188,-332,-5848,9,212,104
16643,-15252,-228,-5484,14,205,114
16652,-15300,-368,-5736,16,224,111
16662,-15224,-204,-5764,15,211,120
16671,-15124,-296,-5600,24,216,122
16680,-15124,-236,-5736,-2,230,127
16690,-15276,-232,-5648,-11,213,118
16699,-15216,-244,-5696,-10,200,110
16709,-15188,-168,-5800,-49,199,119
16718,-15204,-220,-5772,-91,226,84
16728,-15164,-172,-5780,-94,237,87
16737,-15200,-232,-5812,-120,233,107
16747,-15252,-232,-5636,-102,224,105
16757,-15092,-288,-5796,-78,227,121
16766,-15144,-232,-5712,-53,249,131
16777,-15244,-300,-5800,-61,239,136
16786,-15108,-164,-5756,-82,219,157
16795,-15164,-96,-5736,-134,231,132
