9,16540,-1388,-3648,302,36,-737,0.08
18,16536,-1424,-3756,143,19,-721,0.08
59,16616,-1860,-3444,560,-75,-826,0.11
100,16632,-1064,-3672,718,-197,-808,0.06
144,16740,-1292,-3540,400,-169,-725,0.08
188,16536,-1224,-3668,554,-179,-695,0.07
231,16536,-1160,-3904,159,-141,-695,0.07
275,16492,-1484,-3764,159,-155,-792,0.09
319,16600,-784,-3920,136,-126,-710,0.05
361,16440,-984,-3776,72,-98,-529,0.06
402,16548,-1012,-3784,166,-209,-461,0.06
446,16600,-808,-4052,99,-147,-315,0.05
487,16652,-1100,-3848,135,-176,-341,0.06
531,16500,-796,-4096,87,-110,-252,0.05
572,16624,-1064,-3904,-37,-39,-198,0.06
615,16488,-940,-3940,6,2,-178,0.06
653,16552,-904,-3872,-7,-29,-186,0.05
693,16596,-892,-3972,110,-27,-189,0.05
735,16512,-984,-3880,67,16,-189,0.06
775,16588,-924,-4196,112,2,-132,0.05
814,16676,-828,-4080,131,53,-70,0.05
854,16620,-900,-3984,81,34,7,0.05
889,16556,-1024,-3888,114,63,24,0.06
929,16708,-924,-4052,65,127,13,0.05
967,16492,-980,-4024,19,82,-92,0.06
1006,16656,-976,-3948,57,38,-142,0.06
1047,16660,-848,-4100,120,50,-78,0.05
1087,16500,-1052,-4132,19,58,18,0.06
1127,16612,-968,-3956,229,25,-21,0.06
1167,16600,-932,-3928,54,-15,7,0.05
1206,16476,-1064,-4068,-10,19,-52,0.06
1248,16416,-932,-4068,41,39,-4,0.06
1286,16552,-1012,-3880,3,27,9,0.06
1324,16604,-948,-3980,58,42,25,0.06
1361,16600,-1136,-4024,23,51,-8,0.07
1401,16544,-1112,-4104,11,45,-90,0.07
1442,16572,-1248,-4084,-6,-3,-244,0.07
1483,16492,-736,-4132,121,21,-230,0.04
1525,16544,-936,-4200,-243,47,-53,0.05
1566,16552,-996,-4220,-384,104,-37,0.06
1609,16500,-1276,-4112,-167,37,-141,0.07
1653,16496,-1124,-4032,-172,79,-201,0.07
1696,16528,-1128,-4172,-110,117,-249,0.07
1741,16604,-880,-4220,-40,61,-279,0.05
1783,16588,-812,-4088,-94,92,-182,0.05
1824,16528,-904,-3964,-5,123,-53,0.05
1865,16524,-872,-4120,36,94,-9,0.05
1903,16516,-972,-4136,-47,79,5,0.06
1942,16576,-992,-3956,-73,110,-77,0.06
1984,16520,-948,-4152,12,126,-120,0.06
2025,16548,-936,-4164,86,109,-61,0.05
2066,16708,-908,-3908,78,112,-43,0.05
2107,16548,-1068,-4088,157,77,61,0.06
2147,16588,-1024,-4256,204,74,154,0.06
2189,16528,-1076,-3848,228,-4,161,0.06
2230,16540,-980,-4256,410,-21,121,0.06
2272,16576,-1300,-4084,19,81,111,0.08
2313,16688,-1284,-4200,-22,105,-42,0.07
2355,16412,-1096,-4240,99,70,-108,0.06
2397,16432,-1080,-4236,3,94,-152,0.06
2438,16520,-1180,-4168,-30,96,-180,0.07
2480,16576,-1084,-4164,-94,89,-86,0.06
2522,16504,-1116,-4284,-75,111,-79,0.07
2564,16408,-984,-4108,37,87,-67,0.06
2604,16580,-1076,-4256,4,95,-75,0.06
2643,16528,-1248,-4228,-77,121,-123,0.07
2686,16536,-1152,-4176,-50,154,-77,0.07
2729,16548,-1136,-4188,-89,132,-109,0.07
2774,16620,-1116,-4152,-185,158,-127,0.07
2818,16560,-1048,-4184,-155,158,-176,0.06
2863,16640,-1064,-4072,-23,171,-228,0.06
2907,16636,-1032,-4156,-123,189,-183,0.06
2951,16616,-1020,-4012,-18,135,-123,0.06
2995,16488,-1080,-4088,9,127,-59,0.06
3035,16468,-1056,-4188,-6,143,-67,0.06
3077,16484,-1132,-4068,-59,128,-110,0.07
3121,16616,-1136,-4112,-48,203,-108,0.07
3164,16596,-1008,-4028,-60,181,-90,0.06
3207,16420,-1096,-4032,-30,150,-84,0.06
3250,16504,-892,-4120,78,170,-62,0.05
3290,16544,-1080,-3996,-125,177,-9,0.06
3333,16524,-1236,-3932,28,194,-82,0.07
3375,16548,-1020,-4160,151,92,-75,0.06
3416,16488,-1016,-4040,-56,120,-37,0.06
3459,16612,-1068,-4012,-129,183,-46,0.06
3503,16616,-1240,-4088,84,134,-64,0.07
3544,16604,-1112,-4064,-94,179,-91,0.06
3587,16640,-1052,-3948,-35,191,-144,0.06
3630,16552,-904,-4124,17,180,-62,0.05
3671,16564,-1204,-4120,-56,222,-50,0.07
3714,16572,-1280,-3960,-50,204,-173,0.07
3757,16540,-868,-4092,-54,192,-97,0.05
3799,16568,-1012,-3860,-106,203,-78,0.06
3843,16640,-1196,-3932,17,179,-78,0.07
3884,16504,-1132,-4004,15,195,-104,0.07
3927,16580,-1216,-4016,-1,214,-144,0.07
3970,16600,-1072,-3888,-107,229,-83,0.06
4013,16620,-1168,-3980,-66,207,-105,0.07
4057,16488,-840,-3820,-135,225,-52,0.05
4099,16632,-1376,-3492,566,146,-56,0.08
4142,16536,-1308,-3948,1445,61,-81,0.08
4185,16600,-904,-4576,1040,338,83,0.05
4226,16668,-1264,-3968,503,558,206,0.07
4269,16608,-1188,-3932,329,743,134,0.07
4312,16684,-1252,-3928,-131,943,71,0.07
4354,16588,-1300,-3812,-214,1091,5,0.08
4397,16556,-1024,-4112,-549,1292,-14,0.06
4442,16728,-1380,-3536,-918,1477,-145,0.08
4487,16600,-1428,-3776,-1312,1706,-560,0.08
4534,16848,-1876,-3612,-1792,2042,-1572,0.11
4582,16632,-2600,-3688,-3180,2502,-3334,0.15
4629,17412,-3884,-3320,-4083,2899,-6473,0.22
4677,19316,-1688,-3548,-2902,2429,-9501,0.09
4725,21488,-628,-4924,-7281,3164,-9764,0.03
4772,17164,-3232,-3360,-3228,2745,-9197,0.18
4819,12680,-3768,-2564,3446,2389,-5989,0.28
4867,11084,-5868,-2268,6249,-1377,3972,0.48
4914,14224,-4456,-3260,11252,-4274,11651,0.30
4962,17136,-1752,-3492,6496,-3123,17764,0.10
5010,18556,-312,-3608,5001,-3408,20119,0.02
5057,19496,-1392,-3648,6618,-3730,18207,0.07
5105,19048,1052,-3896,6054,-3083,13104,-0.05
5152,17224,888,-3416,3557,-2068,5404,-0.05
5198,16388,-136,-2460,4067,-1910,-1371,0.01
5245,16212,812,-3244,4707,-1750,-4495,-0.05
5292,17404,580,-5940,1083,-1981,-7037,-0.03
5339,16728,-5572,436,1545,84,-3016,0.32
5382,18384,-6492,-3084,7464,-3506,-10752,0.34
5430,15240,372,-7852,1571,-3392,-9313,-0.02
5477,17580,-2304,-1312,-958,-2287,-8416,0.13
5525,16456,376,-3536,4187,-4026,-8295,-0.02
5572,16336,-432,-6524,-1000,-2673,-5988,0.02
5619,16304,156,-5836,-1703,-1810,-4782,-0.01
5667,16448,1424,-5504,-1918,-1388,-4165,-0.08
5716,15808,-80,-6080,-2034,-1064,-3749,0.00
5763,16216,436,-5556,-2728,-989,-4202,-0.03
5810,16164,508,-6000,-2684,-827,-5025,-0.03
5857,16716,1116,-5956,-2868,-536,-5946,-0.06
5905,16404,1844,-7104,-3865,-806,-6785,-0.10
5952,18024,3024,-5180,-4230,-770,-7887,-0.16
6000,18388,2808,-5976,-3668,-31,-9081,-0.14
6047,18516,3900,-5824,-4411,671,-9877,-0.20
6093,18520,4056,-6868,-5760,1140,-10796,-0.20
6142,20564,4392,-7668,-11619,-616,-11896,-0.20
6193,25788,-7128,-7600,-19759,-229,-13211,0.26
6243,14124,-6136,-1552,-10041,7666,-5121,0.41
6291,10740,6628,-6288,6592,-5171,-4727,-0.49
6339,7000,784,-2428,-6755,1102,13032,-0.11
6385,10816,3292,-1800,4532,-3259,18500,-0.29
6433,12380,1844,-2556,4268,-5612,27058,-0.14
6480,17280,4972,-2480,-963,-3877,32650,-0.28
6529,21776,-576,-1320,2841,-3781,32767,0.03
6576,26396,2876,-3264,13999,-3907,30437,-0.11
6624,24252,4788,-3632,15734,-2044,19040,-0.19
6673,17276,10872,-8012,7905,-985,4365,-0.52
6720,17720,6640,-5412,2910,933,-9571,-0.34
6766,16380,1868,-12424,7450,-1711,-17254,-0.09
6815,18296,9664,-3396,9214,-3566,-14841,-0.48
6864,17876,7484,-4324,13586,-5518,-13371,-0.39
6915,15000,2724,-5624,-11804,-1243,-7807,-0.17
6965,15792,-4972,-5344,3018,-2847,-8031,0.29
7012,16268,5008,-6772,-7222,-997,-4657,-0.28
7060,16512,-664,-5384,-2768,-1088,-4859,0.04
7108,16112,-996,-5904,-4482,-464,-4618,0.06
7154,16360,636,-5624,-2452,-273,-5944,-0.04
7201,16548,2416,-5504,-2418,-395,-6756,-0.14
7249,18092,2392,-5176,-4372,-338,-7372,-0.13
7298,18136,2432,-5148,-3590,570,-8662,-0.13
7344,18592,3252,-6584,-4343,1388,-10712,-0.16
7393,19868,4972,-7064,-9037,1481,-12760,-0.23
7442,23268,1440,-7816,-7267,2152,-14051,-0.06
7490,24236,-2632,-8740,-21237,1166,-14105,0.10
7540,16228,-16372,-5232,-21928,9585,-7514,0.77
7590,16972,17128,-9112,11047,-4064,-10862,-0.73
7642,8988,7316,-3824,4803,-2982,2259,-0.64
7687,4172,-2848,2504,2929,-1565,10923,0.53
7733,10772,2768,-3164,-86,-4523,24518,-0.24
7780,15048,-640,388,1723,-6847,30796,0.04
7824,18376,5416,-2292,6051,-7365,32767,-0.28
7872,23108,1064,-3096,11187,-6829,32767,-0.05
7921,30344,6704,-6560,21355,-7081,31340,-0.21
7970,25508,19892,-7816,15215,-2973,14561,-0.64
8019,19420,13248,-6916,808,-739,-14511,-0.57
8068,26192,-26644,4540,-14448,9632,-959,0.79
8116,17720,-2944,-5076,19853,-8741,-21097,0.16
8166,11424,5908,-9568,-9790,-2884,-12985,-0.38
8215,19356,-12072,-348,-3160,-1463,-8724,0.56
8264,17452,13104,-9240,-3205,-1326,-6020,-0.59
8314,18076,-6032,-4136,-4954,-1325,-4734,0.31
8364,16028,1272,-6100,-5261,-1151,-4367,-0.07
8412,16584,916,-6168,-3003,-924,-4984,-0.05
8459,16228,1016,-5900,-4616,-853,-5433,-0.06
8507,17568,1768,-5512,-4115,-654,-6576,-0.10
8554,18276,1868,-5296,-3920,72,-8000,-0.10
8600,17780,2424,-6824,-4562,1133,-9843,-0.13
8648,19428,3428,-7264,-7477,2161,-12522,-0.16
8697,23556,140,-6520,-11336,3563,-15924,-0.01
8745,30116,5688,-10240,-22853,2104,-17552,-0.18
8797,17428,-23436,-8188,-25142,10523,-10124,0.88
8849,15828,15788,-8376,21429,-4596,-13812,-0.72
8900,7216,9620,-5464,6383,-4114,2289,-0.82
8945,2620,-2140,1000,-1860,939,15064,0.65
8990,8748,3160,-3176,-4856,-3001,26026,-0.33
9038,15784,-1392,276,2045,-7644,32767,0.09
9083,20636,5960,-2752,8439,-7670,32767,-0.28
9132,24764,1976,-3020,11229,-6461,32767,-0.08
9181,30648,8656,-4944,17962,-5796,28640,-0.27
9230,19852,17548,-11248,8443,-2756,11466,-0.66
9279,18660,9596,-4316,-1380,-1668,-12176,-0.46
9329,32767,-32768,27740,-8047,11665,-3189,0.65
9379,18892,12960,-10172,28005,-11701,-26863,-0.54
9433,12420,9128,-6408,-13016,-651,-11725,-0.58
9482,18420,-12496,-228,-2962,-2053,-8352,0.60
9531,16276,10872,-10600,-9213,-291,-4651,-0.51
9581,18068,-5072,-4660,-3490,-843,-4703,0.27
9629,16640,696,-6268,-5384,-655,-4468,-0.04
9675,16528,1084,-5908,-3905,-356,-5104,-0.06
9723,16084,676,-6036,-5491,-111,-5486,-0.04
9771,16352,1644,-6604,-4670,130,-6844,-0.09
9817,17616,1700,-6416,-5796,587,-7818,-0.09
9864,18080,1600,-5172,-4111,1367,-9831,-0.08
9912,19956,3256,-6700,-5112,2392,-13221,-0.15
9961,23976,-1940,-7956,-7601,3745,-16579,0.08
10009,25044,2540,-7536,-14735,2474,-15563,-0.10
10060,16428,-14660,-5508,-17890,8286,-8359,0.70
10112,13120,2080,-12380,5220,-4389,-6898,-0.11
10162,9664,-800,-4628,-8596,-1298,11669,0.07
10209,12656,1204,-1956,4010,-3876,18826,-0.09
10258,14732,652,-3256,11595,-8519,23905,-0.04
10307,17820,6152,-4600,6565,-6081,30028,-0.32
10355,20260,2076,-3352,7901,-7161,32767,-0.10
10404,28396,2856,-3316,15234,-6544,32767,-0.10
10455,26520,12276,-6360,17056,-3571,20738,-0.42
10506,15964,18880,-8348,8000,-1825,-5077,-0.81
10555,16936,7704,-8804,6881,-954,-20563,-0.38
10604,12008,11880,1900,26617,-4446,-13068,-0.77
10655,27216,17188,-7980,15136,-7624,-18209,-0.54
10707,15020,7224,-7088,-16148,-1088,-5929,-0.41
10759,14512,-4932,-7220,6888,-2484,-8389,0.30
10807,16108,776,-5512,-7337,-1041,-4778,-0.05
10856,16512,2348,-6056,-227,-1003,-6493,-0.13
10905,16380,-1264,-5572,-3945,-455,-5518,0.07
10953,16204,1748,-5668,-1624,-607,-6137,-0.10
11002,16768,3280,-6004,-2006,-878,-5836,-0.18
11052,17456,2272,-6260,-4425,-1046,-5819,-0.12
11102,17668,2052,-4724,-5440,131,-7216,-0.11
11149,18356,1964,-6504,-4344,1978,-9654,-0.10
11198,18408,4764,-8348,-8160,2327,-11368,-0.23
11248,25052,2708,-8028,-18301,2901,-13803,-0.10
11299,30108,-6164,-7948,-27777,2649,-16331,0.20
11350,12744,-9504,-2428,1468,5556,-15096,0.63
11399,12548,22568,-4624,12102,-8392,-13212,-1.04
11451,7816,-688,4064,-16626,4286,9894,0.08
11497,3452,2164,-840,852,-835,13911,-0.55
11541,11940,2788,-880,12337,-5510,22376,-0.23
11590,16560,9200,-1232,6742,-2470,26323,-0.51
11639,16108,5108,-3332,2948,-177,29978,-0.30
11686,21636,6156,-4672,11129,-3239,28792,-0.27
11737,22620,7332,-5828,9220,-2237,23640,-0.30
11786,21736,7904,-3472,6769,-2605,15908,-0.34
11835,18764,7184,-3564,3383,-1585,5965,-0.36
11882,17772,3772,-1836,5860,-541,-4525,-0.21
11930,17736,-5748,-7152,12007,-1201,-9017,0.29
11980,15384,5744,-5372,11984,-3309,-7327,-0.34
12030,16984,-688,-5176,9214,-2482,-4430,0.04
12078,17896,1524,-3120,667,-1110,-4369,-0.08
12126,16488,-4172,-3528,2012,-2576,-4550,0.24
12175,16504,-1180,-4476,1618,-2446,-3703,0.07
12224,16704,-1124,-3780,725,-1889,-2330,0.07
12271,16700,-2016,-4264,1497,-1656,-1772,0.12
12320,16524,-936,-4936,-538,-1157,-471,0.05
12367,16392,-2968,-4940,24,-885,133,0.17
12410,16544,-1188,-4948,-447,-310,500,0.07
12456,16484,-3352,-4296,168,-166,419,0.19
12502,16424,-1676,-5288,617,-92,162,0.10
12545,16492,-2440,-4800,-512,447,630,0.14
12590,16476,-1940,-5228,381,644,606,0.11
12634,16320,-1864,-5240,-918,1385,1162,0.11
12680,16628,-2544,-3940,-2574,1745,1859,0.15
12728,16612,-3028,-4312,-902,1591,1237,0.17
12775,16260,-3548,-4716,-1243,1744,595,0.21
12822,16468,-3800,-3868,-2402,2033,-215,0.22
12869,16280,-3996,-3000,-597,1611,-1076,0.24
12917,16860,-2356,-3100,-662,1618,-759,0.14
12964,16052,-4268,-3072,-636,1252,-147,0.26
13010,16368,-3900,-3192,-833,843,1377,0.23
13057,15688,-5544,-4008,-1549,167,2338,0.33
13104,15680,-5132,-3496,-1478,-449,3101,0.31
13151,15224,-3540,-3592,-439,-810,2963,0.22
13198,14996,-1028,-3880,1528,-1370,1517,0.07
13246,16416,1304,-2956,925,-1151,-1128,-0.08
13294,19644,-7876,-280,1304,-769,129,0.38
13338,16036,-6640,-2936,6033,-1656,-4489,0.39
13387,16536,-1992,-4352,3859,-1749,-3599,0.12
13436,16236,-3688,-3028,3316,-1594,-2875,0.22
13485,16508,-1700,-5728,4017,-1942,-3152,0.10
13534,16304,-1692,-4736,356,-456,-1649,0.10
13581,16568,-1812,-4164,1280,-605,-1212,0.11
13629,16080,-1796,-5060,101,-200,-543,0.11
13674,16640,-1488,-4496,-1360,4,126,0.09
13718,16236,-1452,-4552,-2713,245,822,0.09
13764,16172,-2916,-4572,-2510,404,1041,0.17
13810,16240,-2548,-5124,-717,503,777,0.15
13855,16428,-1944,-5092,-1043,883,1084,0.11
13902,16324,-2072,-4064,-2548,1398,2044,0.12
13949,15972,-2744,-4832,-1944,980,2151,0.16
13997,16464,-2748,-3976,-4035,1565,2066,0.16
14045,16412,-3880,-3772,-2965,1380,1227,0.23
14093,16092,-3748,-3640,-1270,1137,529,0.22
14139,16264,-2828,-3640,-1028,1016,757,0.17
14186,16064,-4200,-3444,-1058,830,643,0.25
14232,16332,-3644,-3756,-245,680,503,0.21
14276,16020,-4292,-3248,-1095,631,943,0.26
14322,16228,-4008,-3532,-649,480,1112,0.24
14368,15820,-4200,-3672,-1734,537,1270,0.25
14414,15860,-5332,-3500,-1112,287,956,0.32
14460,16124,-3476,-4000,-976,228,803,0.21
14505,16348,-2772,-4560,-585,-29,-86,0.16
14550,17016,-1540,-4104,228,-327,-1367,0.09
14597,16792,-2676,-3476,131,-465,-1695,0.15
14644,16188,-3544,-3720,174,-864,-1447,0.21
14691,16264,-3592,-3884,890,-939,-1633,0.21
14737,16140,-3544,-4216,1513,-1099,-1824,0.21
14786,16552,-2936,-3648,2559,-1188,-1949,0.17
14835,16292,-2996,-4184,3552,-1561,-2163,0.18
14883,16208,-2596,-4784,3153,-1575,-2002,0.15
14932,16328,-2516,-4476,3191,-1569,-1894,0.15
14982,16500,-1400,-5172,2097,-1393,-1684,0.08
15031,15932,-2772,-4912,925,-1098,-1548,0.16
15078,16248,-2120,-5400,1060,-1134,-1690,0.12
15127,16160,-2096,-5372,-243,-811,-1447,0.12
15175,16256,-1844,-5308,-591,-637,-1328,0.11
15223,16208,-1672,-5180,-590,-510,-1008,0.10
15270,16484,-976,-5140,-507,-460,-688,0.06
15316,16336,-1500,-5412,-852,-258,-241,0.09
15364,16196,-1880,-5452,-1360,-30,58,0.11
15408,16292,-1848,-5296,-1302,106,33,0.11
15453,16288,-1072,-5636,-1443,318,60,0.06
15498,16268,-1808,-5328,-1148,513,76,0.11
15542,16340,-1344,-5536,-1971,779,407,0.08
15588,16112,-1776,-5116,-1512,805,257,0.10
15634,16036,-1600,-5516,-1551,602,560,0.09
15679,16848,-1124,-4776,-1251,973,803,0.06
15725,16312,-2772,-4644,220,558,581,0.16
15769,17016,-1040,-4912,1298,1082,-663,0.06
15816,16252,-2980,-4400,-673,1851,-998,0.18
15862,16676,-880,-4148,380,2121,-1180,0.05
15908,16528,-976,-4264,-69,2023,-452,0.06
15953,16344,116,-5260,-1437,1819,869,-0.01
15998,16404,-2796,-4040,-3002,1304,2001,0.16
16047,16292,-3640,-4032,-2814,1080,2211,0.21
16095,15700,-4664,-3536,-3794,756,3304,0.28
16141,15600,-4728,-3608,-4305,624,3972,0.29
16188,15536,-4188,-3368,-3755,489,4305,0.26
16235,16460,-1264,-3796,-2158,256,3417,0.07
16282,18588,664,-4548,-122,-107,-9,-0.03
16325,16768,-784,-4940,714,-217,-1857,0.04
16371,16268,-2360,-3728,-687,-210,-1150,0.14
16419,16672,-3172,-3764,1206,-815,-1532,0.18
16466,16248,-3128,-4604,2128,-1021,-1758,0.18
16516,16384,-2432,-4152,1975,-805,-1413,0.14
16564,16260,-2668,-3792,3181,-1166,-1509,0.16
16612,16084,-3052,-4672,3419,-1200,-1672,0.18
16661,16244,-1948,-5224,1871,-1048,-1797,0.11
16710,16432,-2268,-4544,617,-861,-1728,0.13
16757,16332,-1240,-5032,1014,-1078,-1639,0.07
16805,16272,-1812,-4772,-1699,-773,-913,0.11
16854,16264,-1408,-5500,-395,-848,-1057,0.08
16902,16420,-1388,-4928,-1606,-698,-478,0.08
16950,16288,-1984,-5520,-810,-462,-527,0.11
16996,16116,-1628,-5608,-1084,96,-498,0.10
17042,16312,-2044,-4652,-561,162,-888,0.12
17088,16276,-536,-5724,513,241,-692,0.03
17131,16424,-1092,-5040,-647,638,117,0.06
17176,16200,-816,-5468,-761,798,469,0.05
17220,16396,-1180,-5128,-2140,1003,918,0.07
17266,16296,-1772,-5212,-2503,1242,997,0.10
17313,16416,-2068,-4948,-967,1433,699,0.12
17359,16500,-1420,-4952,-290,1711,685,0.08
17404,16380,-1364,-4472,-926,1892,848,0.08
17451,16500,-1996,-4764,-1575,2012,801,0.12
17498,16484,-2736,-4732,-1950,2266,60,0.16
17543,16352,-1720,-4116,-848,2227,-592,0.10
17590,16512,-2180,-2964,234,2001,-487,0.13
17636,16572,-1796,-2892,715,1564,-285,0.11
17682,16572,-2480,-3108,-441,1511,687,0.15
17727,16288,-2932,-3100,-342,1151,1032,0.18
17774,16148,-3184,-3188,-799,897,1225,0.19
17820,16116,-3440,-3176,-639,605,1764,0.21
17865,16368,-2644,-3372,-583,210,1760,0.16
17911,16160,-3140,-3196,-1172,-38,1848,0.19
17958,16340,-3056,-2732,-254,-274,1656,0.18
18004,16276,-2248,-2836,849,-474,975,0.14
18050,16532,-1052,-2952,413,-675,120,0.06
18095,17084,96,-3180,347,-741,-1692,-0.01
18139,17152,-2804,-3668,369,-1093,-2584,0.16
18187,16444,-2080,-3244,855,-1246,-2192,0.12
18235,16372,-2144,-3600,2264,-1719,-2018,0.13
18284,16500,-1972,-4108,2128,-1620,-1946,0.12
18332,16532,-2260,-3796,2348,-1550,-2024,0.13
18381,16184,-1256,-3948,3240,-1811,-2206,0.08
18430,16588,-880,-4732,768,-1716,-1211,0.05
18477,16324,-1440,-5196,181,-1491,-1104,0.08
18525,16288,-1860,-5064,-1180,-1153,-1108,0.11
18575,16388,-1212,-5256,-403,-863,-1516,0.07
18623,16756,-872,-4412,478,-1005,-1381,0.05
18669,16528,240,-5492,829,-830,-492,-0.01
18714,16476,-396,-5052,-852,-321,404,0.02
18759,16028,-1508,-5920,-687,-165,438,0.09
18804,16228,-1924,-5364,-1507,101,93,0.11
18849,16280,-1400,-5508,-729,345,-296,0.08
18895,16264,-1272,-5624,-1939,741,122,0.07
18940,16228,476,-5264,-926,817,449,-0.03
18984,16376,-148,-5004,-1690,957,1673,0.01
19031,16264,-760,-5148,-2165,1197,2376,0.04
19077,16288,-1972,-5136,-1963,1608,2000,0.11
19125,16556,-2460,-4700,-488,1757,1229,0.14
19172,16504,-1240,-4744,-456,1953,1130,0.07
19219,16704,-1512,-4400,-856,2045,1292,0.09
19265,16496,-3184,-4576,-1420,2341,431,0.18
19312,16416,-3588,-4256,-1090,2288,-1114,0.21
19361,16440,-2172,-2944,1286,1809,-1905,0.13
19408,16412,-1844,-2892,1063,1549,-817,0.11
19456,16340,-2860,-2704,-495,1217,811,0.17
19502,16264,-2968,-2884,-900,907,1668,0.18
19548,16292,-2848,-3164,-1301,785,1894,0.17
19594,16556,-2748,-3192,-520,561,1830,0.16
19640,16580,-2840,-3096,243,462,1423,0.17
19685,16312,-2720,-3264,605,162,1411,0.16
19729,16304,-1964,-3380,424,-194,1606,0.12
19775,16124,-1404,-3292,-28,-478,1120,0.09
19821,16508,-732,-3160,-448,-693,-27,0.04
19865,17232,-336,-2744,398,-828,-1927,0.02
19911,16884,-3656,-2412,410,-891,-1820,0.21
19958,16608,-2108,-2824,624,-1284,-2022,0.12
20005,16336,-2164,-3632,943,-1655,-1682,0.13
20054,16356,-2148,-3976,1282,-1742,-1481,0.13
20103,16440,-2572,-3440,2107,-1780,-1723,0.15
20152,16556,-1428,-3948,3576,-2189,-1803,0.08
20200,16616,-440,-4852,1272,-1999,-800,0.03
20247,16052,-2240,-5024,107,-1728,-517,0.13
20294,16232,-2380,-5040,-374,-1633,-993,0.14
20342,16216,-1328,-6004,-221,-1126,-1743,0.08
20390,16452,-2040,-4712,-149,-889,-2173,0.12
20439,16376,964,-5460,-280,-645,-1267,-0.06
20486,16744,-416,-4556,-375,-584,-4,0.02
20529,16280,-272,-5828,-212,-512,499,0.02
20574,16268,-1904,-5540,-951,-106,628,0.11
20620,16168,-2048,-5588,-302,136,-60,0.12
20664,16272,-1388,-5588,33,440,-542,0.08
20708,16208,-1276,-5452,-117,695,-794,0.07
20754,16496,-60,-5464,117,799,-288,0.00
20796,16468,152,-5428,-191,1064,607,-0.01
20841,16204,-1188,-5332,-381,1076,1213,0.07
20888,16384,-784,-5416,-850,1540,1523,0.05
20933,16452,-1688,-5272,-683,2021,1397,0.10
20980,16536,-1912,-4660,-907,2283,898,0.11
21026,16572,-2040,-4080,-892,2329,196,0.12
21071,16284,-1928,-4500,-765,2146,-299,0.11
21118,16528,-1648,-3692,-854,2061,-609,0.10
21166,16456,-2516,-3524,-312,1898,-1231,0.15
21214,16388,-1056,-3292,-285,1540,-1294,0.06
21261,16696,-2096,-3328,-1249,1498,-835,0.12
21309,16472,-2440,-2768,-848,1153,-154,0.15
21356,16752,-2524,-2884,-762,914,745,0.15
21400,16560,-2548,-2696,-686,726,1332,0.15
21446,16540,-2324,-3004,-259,450,1651,0.14
21492,16684,-2392,-3156,7,293,2096,0.14
21534,16392,-2368,-3144,41,53,2179,0.14
21577,16104,-2144,-3308,66,-352,2524,0.13
21622,16152,-2064,-3440,-230,-667,2474,0.12
21668,16320,-924,-3100,917,-948,1359,0.06
21713,16940,556,-3188,886,-1086,-532,-0.03
21760,17728,424,-3592,1425,-1345,-3597,-0.02
21808,16768,-1272,-3684,1222,-1602,-2365,0.07
21856,16424,-2096,-3748,2003,-1814,-2231,0.12
21905,16280,-2160,-3836,2424,-1998,-2031,0.13
21954,16720,-696,-4040,2979,-2260,-2063,0.04
22001,16456,-748,-4588,1221,-2146,-1453,0.04
22049,16508,-1380,-4796,224,-1948,-1025,0.08
22097,16356,-1592,-4796,1301,-1910,-1244,0.09
22147,16008,-1336,-5172,-284,-1785,-1303,0.08
22195,16244,-1032,-5868,-523,-1578,-1251,0.06
22244,16324,-728,-5852,-1945,-1104,-1046,0.04
22293,16368,-1276,-5656,-764,-904,-1609,0.07
22341,16124,-744,-6420,-1231,-200,-1746,0.04
22388,16268,-340,-5468,-1049,12,-1861,0.02
22434,16376,-188,-5680,-1110,167,-1540,0.01
22481,16368,424,-5684,-622,158,-1288,-0.02
22526,16376,288,-5472,-997,183,-930,-0.02
22572,16356,584,-5556,-1182,254,-625,-0.03
22618,16340,136,-5956,-1188,402,-634,-0.01
22663,16300,-760,-6008,-1381,555,-1499,0.04
22710,16084,-1400,-5692,-680,756,-2992,0.08
22757,16620,472,-5788,-877,1393,-4163,-0.03
22803,16656,460,-5556,-1137,1862,-5027,-0.03
22851,16828,3172,-5624,-2765,2764,-4933,-0.18
22900,16572,2476,-4592,-2993,3765,-5209,-0.14
22949,18812,1324,-3804,-3067,4025,-7305,-0.07
22998,20152,3004,-4548,-4597,4152,-8503,-0.14
23047,19628,2772,-4152,-7947,3821,-9269,-0.14
23096,19040,-2192,-5824,-9466,4296,-10357,0.11
23146,16316,-552,-5288,-5327,4624,-11724,0.03
23194,12108,3316,-4340,1439,3078,-8723,-0.25
23242,11932,-1844,-2260,-520,3119,2509,0.15
23289,11884,1264,-3956,6630,-510,8706,-0.10
23335,13572,3012,-4536,8482,-2871,14459,-0.21
23385,16080,3780,-4780,7103,-4108,18893,-0.22
23434,17992,2832,-4836,7333,-5494,20693,-0.15
23483,19344,3812,-5112,9101,-6042,20379,-0.19
23531,19684,4608,-4628,8095,-4787,17925,-0.22
23580,19320,4104,-4348,7788,-3755,14751,-0.20
23629,18464,5104,-5252,7529,-3372,8787,-0.26
23677,17380,3696,-4324,7539,-2961,817,-0.20
23724,16372,4636,-3620,7055,-2465,-6448,-0.27
23773,21492,-13704,-572,8356,14,-8568,0.57
23819,12604,8192,-5908,18415,-5755,-11063,-0.53
23869,15604,3220,-10056,13084,-2802,-9887,-0.17
23920,16804,108,-2680,-12031,573,-5055,-0.01
23968,16204,-4360,-2344,7252,-3254,-7194,0.26
24017,15616,2624,-7808,-2710,-1280,-3969,-0.15
24067,16612,-2040,-5296,-894,-501,-3570,0.12
24115,16168,-516,-6248,-2424,66,-3127,0.03
24161,16256,-648,-5328,-1438,71,-3216,0.04
24207,16068,-372,-5736,-1659,261,-3711,0.02
24253,16332,-1060,-5284,-157,327,-4469,0.06
24300,16248,1392,-5560,-1027,588,-4799,-0.08
24348,16420,1076,-5488,-1831,863,-5472,-0.06
24395,16612,1324,-5624,-1005,1318,-6457,-0.08
24444,17828,3764,-5032,-1647,2232,-7170,-0.20
24494,18600,4328,-6196,-4426,2560,-7112,-0.22
24543,21120,652,-6516,-5027,2885,-8313,-0.03
24590,21292,80,-4460,-7010,4424,-11449,-0.00
24638,24896,2304,-7156,-12040,3454,-14753,-0.09
24689,16612,-4960,-6288,-9705,5962,-13567,0.27
24739,10620,8612,-8972,11798,1634,-12040,-0.55
24788,10600,1576,-1460,6103,4126,2888,-0.15
24836,7712,4236,-4612,7641,2143,10397,-0.44
24883,10928,5068,-4512,5109,411,18648,-0.40
24929,14664,4232,-4388,4198,-2870,23440,-0.27
24978,18352,5576,-5476,5742,-3214,25729,-0.28
25027,19724,4712,-5572,5668,-4806,25147,-0.23
25076,21516,2772,-5056,6114,-4220,22553,-0.12
25124,19684,3024,-6088,7909,-3984,17113,-0.15
25174,18248,5084,-5972,5605,-3992,8553,-0.26
25222,16432,348,-4396,2248,-2335,2825,-0.02
25269,15664,-436,-3992,5388,-2542,-1090,0.03
25316,16136,224,-5604,2804,-2404,-2804,-0.01
25364,16748,-348,-4092,3080,-2391,-6349,0.02
25412,17656,-4464,-3816,7667,-1637,-11424,0.24
25461,15560,5112,-8080,18553,-6877,-2587,-0.28
25511,20492,444,-7272,16554,-2537,-11106,-0.02
25562,14084,-492,-6140,-7423,1051,-7350,0.03
25610,17100,-3048,-1792,1896,-1709,-7329,0.18
25658,14656,-788,-7428,3025,-2320,-4841,0.05
25706,17184,112,-5932,-428,-1143,-2876,-0.01
25754,16836,-584,-6168,-963,-374,-1766,0.03
